source,target,coef_abs
zic1,actb2,0.1780437
hmga1a,rrm2,0.10271208
six1b,actb2,0.0869659
foxa,actb2,0.082915656
rxraa,apoc1,0.064016886
foxo1a,actb2,0.06148319
meis3,si:ch211-121a2.2,0.055350862
zic1,histh1l,0.054914623
twist1a,pmp22a,0.051604465
meis3,histh1l,0.045301635
myog,si:ch211-121a2.2,0.04465467
tp53,serbp1a,0.044393428
myog,apoc1,0.04365977
rxraa,agrn,0.04360678
irx7,histh1l,0.043313753
tbr1b,actb2,0.04180863
hmga1a,stmn1a,0.041342538
zic2a,actb2,0.04023293
hoxa2b,marcksl1a,0.039288707
foxp2,actb2,0.038898677
foxa1,actb2,0.03776153
sox21a,serbp1a,0.03688712
hmga1a,prmt1,0.036841866
hoxa2b,stmn1a,0.03647469
irx7,si:ch211-121a2.2,0.036094148
hmx4,fabp7a,0.03584721
rx1,fabp11a,0.035601128
myod1,apoc1,0.03554572
rfx4,tenm4,0.035358503
hmga1a,marcksl1a,0.035186194
foxi3a,serbp1a,0.03503032
hmga1a,hsp90ab1,0.0345877
phox2bb,marcksl1a,0.034416657
barhl1b,serbp1a,0.03377232
foxd1,stmn1a,0.033745244
foxf2b,serbp1a,0.033735447
irx6a,hspe1,0.033583045
hoxa2b,hspa8,0.033581838
fli1a,cdh11,0.033504806
irx6a,mycn,0.033380415
rx1,cirbpa,0.03324904
irx6a,prmt1,0.033137772
hoxa2b,tmsb4x,0.032345235
irx7,actb2,0.032277625
rx1,hspe1,0.032252263
rx1,prmt1,0.032172218
raraa,slc1a3a,0.03212323
fli1a,pmp22a,0.03179404
rx3,hspa8,0.0317381
sox11a,serbp1a,0.031692274
foxp1b,pmp22a,0.031656552
rx1,fabp7a,0.03156308
egr3,pax7a,0.031227207
rfx4,agrn,0.030781748
rorb,epha4b,0.030387014
phox2bb,fabp7a,0.030307485
foxd1,mycn,0.030280273
hmga1a,hmgn2,0.03023737
tbx2b,serbp1a,0.030234877
rfx4,boc,0.030168401
nr2f1b,tenm4,0.030047342
etv4,pax7a,0.02949444
sox21a,cirbpa,0.029378615
phox2bb,cirbpa,0.028796673
rx3,cirbpa,0.02862839
phox2bb,hmgn2,0.028603124
gata5,tenm4,0.028544003
hmga1a,hmgb2a,0.028445285
foxd1,serbp1a,0.028368147
hmga1a,bcas2,0.028349023
hoxa2b,hmga1a,0.028288946
foxd1,prmt1,0.028274912
hmga1a,ptmab,0.028143955
fli1a,tuba8l3,0.028116435
en1b,stmn1a,0.028107781
tfap2e,histh1l,0.02797512
pax7a,cntfr,0.027965207
rxraa,epha4b,0.027909247
hoxa4a,cirbpa,0.027741717
sox21a,hspa8,0.027556947
hoxa2b,cirbpa,0.027477257
msx1b,mdkb,0.027264947
pknox2,histh1l,0.027174432
sox21a,tmsb4x,0.027066171
rx3,marcksl1a,0.02698535
bhlhe40,si:ch211-121a2.2,0.026972404
barhl1b,cirbpa,0.026758473
barhl1a,tenm4,0.026690735
nr2f1b,agrn,0.026678832
foxi2,serbp1a,0.026556475
egr2b,serbp1a,0.026463728
phox2bb,hspa8,0.026427327
hmga1a,pabpc1a,0.02635441
gata1a,hbae1.3,0.026307225
rxraa,pax3a,0.026241032
rx1,dkc1,0.026151948
foxi3a,actb1,0.026150433
foxd3,histh1l,0.02602916
hoxc6b,hoxc3a,0.025976982
en2a,en2b,0.025958773
hoxa2b,actb1,0.025957542
im:7142702,tenm4,0.025957318
barx1,stmn1a,0.025924638
tbx2b,ncl,0.025831444
rx3,pcna,0.02564457
sox1b,tmsb,0.025637819
twist2,pmp22a,0.025518015
rx3,hmgb2a,0.025414186
jun,serbp1a,0.025393171
elf3,hsp90ab1,0.02539046
hoxa2b,hsp90ab1,0.025345571
pax7a,pax7b,0.025279565
rx3,pabpc1a,0.025261583
irx7,rrm2,0.02523746
thrab,hbae1.1,0.025121866
barx1,ncl,0.025073217
foxi2,hspa8,0.02502072
nr2e1,pcna,0.024969539
sox1a,actc1b,0.02492164
sox21a,hmga1a,0.024840904
phox2bb,hsp90ab1,0.02474774
foxg1a,serbp1a,0.024624161
nr2f1b,hbae1.1,0.02461507
barx1,nop56,0.024604054
sox18,actc1b,0.02457564
etv2,pax7a,0.024543734
hoxa2b,ptmab,0.02449584
her6,ptmab,0.02448456
foxd1,histh1l,0.024470184
phox2bb,hmgb2a,0.024405118
barx1,cirbpa,0.024400404
meox1,mdkb,0.024283148
irx7,fabp7a,0.024276186
zic1,hmgb2a,0.02425904
irx6a,pcna,0.024240548
foxg1d,mycn,0.024211774
gsx2,mdkb,0.024173146
meis2a,histh1l,0.024121819
barx1,hspa8,0.02410369
etv4,stmn1a,0.024075164
barhl1b,hspa8,0.024048338
pax5,efna2a,0.023999415
phox2bb,hmga1a,0.023963591
foxf2b,pmp22a,0.023934562
nr4a2a,mibp2,0.023880027
zic2a,histh1l,0.023851065
hoxa2b,hmgb2a,0.02381364
rx1,ncl,0.023812864
hmga1a,actb1,0.023749193
sox11a,tmsb4x,0.023696845
nr2e1,bcas2,0.023687765
hoxb5b,stmn1a,0.023671025
pbx3b,si:ch211-121a2.2,0.023666667
etv2,epha4b,0.023659855
hoxb6b,hoxc3a,0.023589628
phox2bb,actb1,0.023576448
hoxa4a,hmga1a,0.023543715
fosab,stmn1a,0.023511047
gsx2,ptmaa,0.023465604
six1b,col1a1a,0.023462947
foxf2b,hmga1a,0.02345137
hmga1a,eif5a2,0.023279952
six3b,serbp1a,0.023272334
tlx3b,tenm4,0.02327124
tbx5b,cirbpa,0.023265732
nfixb,slc1a3a,0.0232159
hoxa2b,ptmaa,0.023149543
hoxa2b,hmgn2,0.023067957
rxraa,cxcl12b,0.023066297
bhlhe41,serbp1a,0.023045428
six1b,stmn1a,0.023035709
barx1,dkc1,0.022980727
tbr1b,apoc1,0.02295152
dlx2b,hspe1,0.02294702
tp53,pcna,0.022938725
gsx1,marcksl1a,0.022928124
pknox2,tenm4,0.022895249
foxf2b,ptmab,0.0228911
barhl1b,hsp90ab1,0.02281995
rx3,hmgn2,0.02278964
rx1,nop58,0.022701921
hoxa4a,nop56,0.022701146
rx1,pcna,0.022627847
lbx1b,mdkb,0.022586612
foxg1a,pmp22a,0.022478916
bhlhe41,si:ch211-121a2.2,0.022391306
pax6b,mibp2,0.022390122
phox2bb,tmsb4x,0.02238013
hmx4,serbp1a,0.022377357
sox11a,stmn1a,0.022373812
hoxa4a,mdkb,0.022367105
sox11a,cirbpa,0.022366643
meis2a,cdh6,0.02236409
nr2f1b,epha4b,0.022359097
sox21a,hsp90ab1,0.02232606
bhlhe40,fabp11a,0.022312524
nr5a1b,apoc1,0.022268698
lef1,cirbpa,0.022229712
irx6a,mibp2,0.02222863
sox21a,ptmab,0.022199389
etv4,apoeb,0.022193106
atf3,hbae1.3,0.02216977
bcl11ab,tenm4,0.022155194
pax7b,cntfr,0.022142546
vsx1,fabp7a,0.022132851
hoxc6b,col5a2a,0.022130068
rx3,fabp7a,0.022066843
tp73,pcna,0.022030244
phox2bb,ptmab,0.022015037
hoxa2b,fabp7a,0.022003524
rx3,ptmab,0.021979542
barhl1a,ptprfb,0.021956531
meis2a,tenm4,0.021948176
foxf2b,hmgn2,0.021942647
runx3,actb2,0.021921443
foxf2b,actb1,0.021859452
barx1,qkia,0.021820197
sox11a,hmga1a,0.021802653
six3b,cirbpa,0.021787709
hmx4,dkc1,0.021755738
rx3,hmga1a,0.021585831
rx3,ptmaa,0.021553608
sox21a,hmgn2,0.021523502
nkx2.5,pax3a,0.021447785
sox21a,hmgb2a,0.021431075
twist1b,pmp22a,0.021425618
nkx2.4b,sox11a,0.021402175
thrab,hbbe1.3,0.021391878
her9,ptmab,0.021381235
twist1a,ncl,0.021252666
etv4,serbp1a,0.02122248
hmga1a,ccnd1,0.021199826
sox1a,cirbpa,0.021181636
arxb,pcdh19,0.021154609
foxi2,mibp2,0.021099068
pax6b,hspe1,0.021009373
en2a,hspe1,0.020997873
barx1,hspe1,0.0209708
rfx4,bcam,0.020929763
pax6a,tmsb,0.020906882
nr2f1b,serbp1a,0.020852229
bhlhe41,mibp2,0.02084754
pknox2,cntfr,0.020793445
barx1,hsp90ab1,0.020791508
foxg1d,nop56,0.020784035
sox10,fabp7a,0.020780336
sox11a,hspa8,0.020780126
mafbb,mycn,0.020714076
irx6a,nop58,0.020702887
foxf2b,mibp2,0.020693293
tbx16,cdon,0.02067388
rx1,nop56,0.020600287
tbx18,slc1a3a,0.020592026
sox21a,actb1,0.020574993
sox5,apoeb,0.020569986
her6,twist1a,0.020510927
sox21a,mibp2,0.020495048
hoxc3a,hoxb3a,0.020494783
egr2b,cirbpa,0.020486869
six3b,npm1a,0.020460723
sox1b,stmn1a,0.020444805
tp53,pabpc1a,0.020420859
tfap2a,marcksl1a,0.020383954
vsx1,ptmaa,0.02038177
sox11b,mki67,0.020373471
rxraa,bcam,0.020373056
thrab,hbae3,0.020366378
irx6a,dkc1,0.020351944
foxi3a,nop56,0.020320868
rx3,tmsb4x,0.020298047
nkx2.7,pax3a,0.020296598
lef1,slc1a3a,0.020291746
nkx2.5,hsp90ab1,0.020245435
en2a,prmt1,0.020227525
tbx16,agrn,0.02022668
dlx5a,cirbpa,0.020217894
rorb,pabpc1a,0.020214725
foxa,serbp1a,0.0201806
sox10,hspa8,0.02016491
tbx2b,pa2g4a,0.0201482
phox2bb,pcna,0.020142268
twist1a,hmgb2a,0.020111525
bhlhe41,stmn1a,0.020096917
en1b,hmga1a,0.020090073
rxraa,robo1,0.020088522
hmga1a,ncl,0.02002905
bhlhe41,ncl,0.02000402
her9,mibp2,0.019964948
pax6b,serbp1a,0.019961867
en2b,efna2a,0.01993251
barhl2,cntfr,0.019926524
hoxc6b,pcna,0.019912597
lmx1a,mdkb,0.019906841
etv4,mibp2,0.019900901
her6,pabpc1a,0.01990046
nr2f1b,pax3a,0.019895874
en1b,hmgb2a,0.01987194
meis2a,serbp1a,0.019866383
rxraa,slc1a3a,0.019857045
foxg1d,hspa8,0.019844932
erfl1,epha4b,0.019798173
zic3,histh1l,0.019725915
pax2a,stmn1a,0.019724188
foxg1d,hsp90ab1,0.019709317
hoxa4a,dkc1,0.019705692
her6,eif5a2,0.019700347
zic2a,mibp2,0.01967694
fosab,hsp90ab1,0.019667068
barx1,hmga1a,0.01965579
tp73,slc1a3a,0.019639071
myog,histh1l,0.019621963
rx1,ccng1,0.019588748
etv2,stmn1a,0.019571168
hoxa2b,mibp2,0.019552436
nr2f1b,pax6a,0.01954848
foxg1d,pabpc1a,0.019544384
shox2,cirbpa,0.019488215
barhl1a,serbp1a,0.019472988
foxd1,mab21l2,0.019421782
pax3a,pax7b,0.019409375
rx1,hspa8,0.019408729
foxi3a,hspa8,0.01932557
rx1,hsp90ab1,0.019292757
en2a,ncl,0.019257797
sox14,actc1b,0.01924619
zgc:101100,fabp7a,0.019245032
phox2bb,ptmaa,0.019243846
arxb,marcksl1a,0.019205432
nr2e3,stmn1a,0.019161249
egr2b,hmga1a,0.019127453
hnf4g,cdon,0.01910414
neurod6b,tuba8l3,0.01907361
nkx2.5,hmga1a,0.01906708
FQ377628.1,serbp1a,0.019009665
foxd1,hsp90ab1,0.018979147
foxd3,mibp2,0.018977243
tbx5b,stmn1a,0.018955836
en2a,hspa8,0.018928574
foxd3,slc1a3a,0.01890103
meis2a,si:ch73-21g5.7,0.018889755
twist1a,mibp2,0.018881166
rx1,pa2g4a,0.018865298
foxf2b,ncl,0.01886386
tbx5b,pabpc1a,0.018852191
fosl2,tenm4,0.018849917
foxi2,nop56,0.018838422
en1b,cirbpa,0.018785926
zic3,kirrel3l,0.018737148
gata6,agrn,0.018727303
en2a,stmn1a,0.01872643
irx6a,ncl,0.01870418
foxi3a,hmga1a,0.018688014
rx3,actb1,0.01865265
gata1a,hbae1.1,0.018636523
rorb,mycn,0.018615218
irx6a,actb2,0.018563159
sox11a,mki67,0.018562356
nkx2.7,pax7a,0.018558653
fosab,hbae1.3,0.018542793
rx3,fth1a,0.018539311
vsx1,pcna,0.018515604
sox11a,hsp90ab1,0.018472446
rx1,eif5a2,0.018457094
sox11a,ptmab,0.018422037
barhl2,fabp7a,0.018375892
hoxb3a,ptprfb,0.018369444
barx1,npm1a,0.018357983
foxi3a,eif5a2,0.018349724
fosab,ptprfb,0.018299323
foxf2b,stmn1a,0.018280715
hoxb9a,hoxc3a,0.01827163
vsx1,pabpc1a,0.018253898
foxf2b,hsp90ab1,0.018248942
zic1,mibp2,0.018247448
pknox2,pcdh19,0.018240562
FQ377628.1,stmn1a,0.018233689
etv4,cdon,0.018232545
shox2,nop56,0.018192409
sox21a,pcna,0.018189438
shox2,hmgn2,0.01818526
lhx8a,fabp7a,0.018155418
hoxa2b,pcna,0.018123616
hmga1a,fth1a,0.018122606
foxi2,pabpc1a,0.018110784
esrrga,tenm4,0.018110275
nkx2.1,sox11a,0.018105336
irx6a,c1qbp,0.018089961
hand2,cdh11,0.018070975
nr5a2,pax3a,0.01803652
ebf2,tmsb,0.018014377
rx3,hsp90ab1,0.018010186
nr2f1b,kirrel3l,0.01800146
dlx5a,hspe1,0.017986221
barx1,nop58,0.01798162
lhx9,hsp90ab1,0.017967576
nr2e1,hsp90ab1,0.017964112
sox11a,hmgb2a,0.01793538
rx1,mibp2,0.017898923
foxi2,ncl,0.017897619
bhlhe40,pax3a,0.017895466
etv4,tuba8l3,0.017893981
irx6a,nop56,0.017865099
prox1a,sox11a,0.017860845
tp53,nop56,0.017848605
foxp1b,mycn,0.017845327
tcf7l2,stmn1a,0.017838106
phox2bb,nop56,0.017829059
rx1,ccnd1,0.017785195
six3b,ncl,0.017777164
hoxb5b,tenm4,0.01773807
foxj1b,hspa8,0.017704118
pax6a,cntfr,0.017669803
twist1a,cirbpa,0.017655829
sox11a,actb1,0.0176439
irx6a,ccnd1,0.017643286
her6,npm1a,0.017631572
six3b,nop56,0.017619478
foxg1a,pax7a,0.017605636
foxd1,ncl,0.017583556
twist1a,calm1a,0.01757337
fosab,tenm4,0.017558552
ascl1a,stmn1a,0.017535873
rx1,hmga1a,0.017533146
sox11a,hmgn2,0.0175247
fli1a,pax3a,0.017471775
gsx2,pcna,0.017463537
phox2bb,ccng1,0.017453846
tfap2a,tuba8l3,0.017451206
mitfa,serbp1a,0.0174308
foxg1d,nop58,0.0174267
hmga1a,dkc1,0.017415069
etv4,sox11a,0.017363936
six3b,hsp90ab1,0.017349923
rx1,her9,0.017348604
foxg1d,serbp1a,0.0173368
sox18,tmsb,0.017335484
msx1b,ptprfb,0.017331637
hoxb3a,col28a2a,0.017329697
sox21a,si:ch73-21g5.7,0.017242616
hmx4,nop58,0.017239476
sox11b,hmga1a,0.017236834
six3b,nap1l1,0.017235084
foxa,mycn,0.017229693
nkx2.3,fthl27,0.017223295
her9,fabp11a,0.01722173
meis2a,hoxc3a,0.01720105
elf3,nop56,0.017191228
irx6a,serbp1a,0.017190712
elf3,pabpc1a,0.01718396
foxi3a,hbae1.1,0.017182639
her6,mibp2,0.017181732
etv4,ncl,0.017174676
foxi2,hsp90ab1,0.017162286
sox1b,mibp2,0.017146
meis2a,pax3a,0.017145377
fli1a,ebf3a,0.017127287
irx6a,fabp11a,0.017117197
phox2bb,tenm4,0.017113265
tfap2b,cirbpa,0.017093705
tp53,ccng1,0.017091077
hoxa2b,pabpc1a,0.017079582
nkx2.5,eif5a2,0.01707619
lbx1b,hmgn2,0.017074605
barx1,pabpc1a,0.017070446
irx6a,metap2b,0.017055381
barhl1a,cntfr,0.017043788
barx1,ptmaa,0.017042479
her9,cdon,0.017033568
zgc:101100,hmgb2a,0.017032491
tp53,sox11a,0.01702688
foxf2a,nop56,0.017023006
bcl11ab,pmp22a,0.017022496
vsx1,top2a,0.017019963
irx6a,ccng1,0.01701322
foxf2b,pcna,0.01701048
tbx18,efemp2b,0.017001085
sox6,stmn1a,0.016989673
phox2bb,ptprfb,0.016971178
foxj1b,npm1a,0.016961219
nfixa,epha4b,0.016958611
thrab,agrn,0.016946713
emx1,ncl,0.016918745
irx6a,hmga1a,0.016912114
en2a,marcksl1a,0.016886508
hoxa4a,pcna,0.016864652
nkx1.2lb,tenm4,0.01686019
sox11b,serbp1a,0.016857939
nr2e1,hmga1a,0.016838936
etv4,pax3a,0.016835496
barhl1b,hmga1a,0.016830096
dmrt3a,fthl27,0.016829178
bcl11aa,tenm4,0.01681521
en1b,mdkb,0.01680464
rx3,sox11a,0.016803088
egr2a,ccnd1,0.016785996
sox11b,ube2c,0.016784051
pax6b,stmn1a,0.016770752
hmga1a,vim,0.0167538
hoxa2b,hspe1,0.016743785
hoxb5b,hmga1a,0.016740544
sox11b,aspm,0.016727097
rorb,mibp2,0.016725842
mnx2b,stmn1a,0.016691133
vsx1,hspa8,0.01667834
six1b,emp2,0.016665868
zic2a,boc,0.01665589
sox11b,actc1b,0.0166437
noto,ncl,0.016634448
rxraa,mibp2,0.016623074
vax2,cirbpa,0.016621234
mafa,marcksl1a,0.016615855
tfap2d,cpox,0.016612988
twist2,krt18a.1,0.016602032
barhl1b,npm1a,0.01658724
ascl1a,apoc1,0.016583305
nfixa,fabp7a,0.016581845
foxf2b,npm1a,0.016578455
dlx2a,hspa8,0.016575783
irx7,cntfr,0.01655175
foxd1,bcas2,0.016543321
hoxb6a,ncl,0.01651666
sox11a,prmt1,0.016516231
nr2f1b,hspa8,0.016509354
cebpa,robo1,0.016503235
tp53,cdon,0.016463542
ebf3a,tuba8l3,0.0164604
foxa1,serbp1a,0.016447281
nkx2.3,hspe1,0.016445685
gsx1,stmn1a,0.016444275
irx7,prmt1,0.016443823
ebf3a,twist1a,0.016427103
barhl1b,eif5a2,0.016386455
meis2a,hbae1.3,0.016381705
foxf2b,prmt1,0.016376391
foxa,hmga1a,0.016374199
hoxa4a,hmgb2a,0.016370047
hmga1a,sfrp5,0.016369255
dlx5a,hspa8,0.016348504
six3b,hspa8,0.016342357
hoxb5b,mibp2,0.016340893
foxd1,hspa8,0.016335374
hoxa4a,hmgn2,0.016327417
sox11a,tmsb,0.016308876
hoxa2b,eif5a2,0.0163022
phox2bb,sox11a,0.016295202
foxd1,nop56,0.016291557
lhx9,cirbpa,0.01628232
mitfa,fabp11a,0.016280193
lbx1b,mibp2,0.016275413
sox21a,mki67,0.016240487
foxo1a,cntfr,0.016230486
sox7,actc1b,0.016229035
her9,eif5a2,0.016198976
egr2b,agrn,0.016193846
foxg1a,ptmaa,0.016181905
pax6b,ncl,0.016164178
en2b,pcdh19,0.016163882
mafa,hbae1.3,0.016162641
foxg1a,cxcl12a,0.016161483
raraa,hbae1.1,0.016155167
arxb,efna2a,0.016137995
sox11a,hapln1a,0.016130459
shox2,mdkb,0.01612296
hmx4,pcna,0.01612249
en2a,dkc1,0.016117062
foxg1a,hbae1.1,0.016115472
lhx2b,ptprfb,0.016078113
nkx2.4b,hspe1,0.01607597
phox2bb,mki67,0.016055245
otpb,mdkb,0.016050259
twist1a,nop56,0.01603387
phox2bb,prmt1,0.016014673
phox2a,marcksl1a,0.01600849
jun,cirbpa,0.016001873
zic3,boc,0.01600135
zic1,npm1a,0.015999278
foxa,mki67,0.015994584
nr2e1,her9,0.015992783
emx2,serbp1a,0.015991244
gsx2,fabp7a,0.015980743
foxd1,nop58,0.015972018
fli1a,krt18a.1,0.015966175
sox11b,top2a,0.015943829
hoxa4a,hspa8,0.015939377
six3b,eif5a2,0.015933098
thrab,fabp11a,0.015928097
egr2b,hmgn2,0.015919304
atoh1a,cirbpa,0.015919287
rorb,fabp11a,0.01591532
twist1a,npm1a,0.01589595
sox10,cdon,0.015884398
en1b,hspa8,0.015880615
tbx5b,hmga1a,0.015878014
tbx5b,cdon,0.015865022
cebpa,pabpc1a,0.015857216
dlx3b,dkc1,0.015803717
ebf1b,tuba8l3,0.015785169
tp53,fth1a,0.01578139
nkx2.7,robo1,0.015774872
foxd1,dkc1,0.015761305
sox21a,ptmaa,0.015752928
nr5a1b,ptmaa,0.015743071
nkx2.3,fabp7a,0.015740152
barx1,pa2g4a,0.015729114
barx1,nap1l1,0.015727839
pknox2,mibp2,0.01572704
six3b,hmgb2a,0.015726687
rx1,c1qbp,0.015716206
rorb,stmn1a,0.015713241
lmx1bb,ptprfb,0.015709965
rxraa,greb1l,0.015702244
tfap2a,her9,0.015686661
isl2a,fabp7a,0.01567586
rx1,metap2b,0.015670775
en2b,cntfr,0.015645565
dlx5a,nop56,0.015645066
tbx1,tpm4a,0.015640926
meis3,cdh6,0.01562206
dlx2a,dkc1,0.015616784
meox1,marcksl1a,0.015616096
barx1,hmgb2a,0.015603135
foxf2b,fth1a,0.015602722
vsx1,ccng1,0.015602218
nkx2.2a,prdx2,0.015570316
en1a,mdkb,0.01556455
foxj1a,vim,0.015561473
fosab,eif5a2,0.015539261
hoxa4a,ptprfb,0.015531299
dlx2a,hspe1,0.015525245
alx4a,dkc1,0.015523884
en2a,nop58,0.015514765
raraa,sox11a,0.015503208
barx1,pcna,0.015490906
pax6b,agrn,0.015471716
hoxa2b,mdkb,0.01546276
en2a,pabpc1a,0.015458543
sox11a,fabp7a,0.015444744
sox11a,nop56,0.015425388
lmx1ba,hspe1,0.015421152
foxi3a,histh1l,0.015418372
hoxa9a,mdkb,0.015413983
sox21a,prdx2,0.015411041
fosaa,tenm4,0.015405007
hoxb5b,pcna,0.015400783
gsx1,pcna,0.0153757725
pax7a,mab21l2,0.015372823
en1b,fabp7a,0.01536358
hoxb6a,mdkb,0.015360279
shox2,fabp7a,0.015350785
hmga1a,metap2b,0.015344809
etv4,mki67,0.015331399
foxg1d,eif5a2,0.015330746
irx6a,hmgn2,0.015320631
irx4b,hbae1.3,0.015314605
barhl1a,cirbpa,0.015312593
hoxa4a,col28a2a,0.015302514
nkx2.5,fthl27,0.015274075
hoxa4a,ncl,0.015270641
vsx1,fabp11a,0.01526877
hoxb5b,cirbpa,0.015268464
barhl2,eif5a2,0.015266346
pknox2,epha4b,0.015262776
sox10,actb1,0.015243477
hoxa4a,hoxb3a,0.015222418
egr3,cirbpa,0.015222089
foxj1a,ptmaa,0.015218318
gata1a,cpox,0.015210377
en1b,ptmab,0.015201129
sox10,serbp1a,0.015192867
nr2f1b,sox11a,0.015183397
lhx9,dkc1,0.015170858
hoxa2b,mki67,0.015167558
vsx1,aspm,0.015163367
en1b,hmgn2,0.015160445
emx3,marcksl1a,0.015119994
nkx2.7,slc1a3a,0.015108208
hmx3a,serbp1a,0.015104453
sox6,actc1b,0.01509885
nr2e3,pcdh19,0.015084153
tbx18,tenm4,0.015083555
foxi2,mycn,0.015076657
sox10,qkia,0.015075797
nr4a2a,prdx2,0.015071735
hmga1a,nap1l1,0.015066342
jun,twist1a,0.015049528
creb5b,stmn1a,0.015047904
her9,pa2g4a,0.015043329
tbx1,slc1a3a,0.015043278
rx1,npm1a,0.015040266
foxd1,c1qbp,0.015036598
gsx1,pcdh19,0.015036087
hoxb6b,mdkb,0.015031763
hoxb6a,ccng1,0.015022413
sox21a,boc,0.015017205
twist2,npm1a,0.015005715
etv2,serbp1a,0.015003152
pax6b,pax6a,0.0150001785
six3b,pax6a,0.014982716
en1a,ccng1,0.014979108
tbx15,pabpc1a,0.014977426
foxd1,ccnd1,0.014969857
nfixa,hbae1.3,0.01495733
barx1,fthl27,0.014946557
alx4b,sox11a,0.014945246
foxd1,pcna,0.014937502
rorb,prdx2,0.014922911
foxg1d,myca,0.014901605
barhl1b,tmsb4x,0.014870824
six3b,myca,0.014864412
tp53,slc1a3a,0.014863114
hmx4,eif5a2,0.014855297
meis3,twist1a,0.014838979
tfap2e,robo1,0.01483256
sox10,tmsb4x,0.014831656
gsx1,hmgn2,0.014831258
meis2a,hmga1a,0.0148264095
sox11b,hmgn2,0.014816336
vsx1,hsp90ab1,0.014812826
meis3,cxcl12a,0.014812629
en2b,prmt1,0.01479834
foxd1,eif5a2,0.014791957
shox2,ptmaa,0.01477651
meis2a,rxraa,0.0147406105
lhx9,hmga1a,0.014730277
tbx2b,mibp2,0.014716936
otx5,fabp7a,0.014714813
lhx4,hspe1,0.014714454
sox5,col5a2a,0.014704756
wt1a,slc1a3a,0.0147041865
irx6a,eif5a2,0.01469507
twist1a,nop58,0.014687586
en2b,hsp90ab1,0.014685768
hoxa4a,hsp90ab1,0.014679452
irx6a,stmn1a,0.014673546
barx1,tmsb4x,0.0146651715
lbx1b,hmgb2a,0.014664255
otx5,pcna,0.014664145
gata6,pabpc1a,0.014655428
emx1,pcna,0.014654181
sox1b,hbae3,0.014652355
tfap2b,nop56,0.014647081
tbx2b,stmn1a,0.014647035
bcl11ab,tmsb4x,0.014646477
zic1,kirrel3l,0.014636766
gata6,serbp1a,0.014630442
vax2,fabp7a,0.014613244
shox2,hmga1a,0.014608332
her9,sox11a,0.014605026
alx4a,ccng1,0.014599202
phox2bb,pcdh19,0.014599173
hmga1a,qkia,0.014597082
myod1,rxraa,0.0145965405
barx1,metap2b,0.014588354
foxi3a,boc,0.014586371
tp53,fabp11a,0.014577736
hmga1a,mki67,0.014567831
hoxa4a,stmn1a,0.014558688
etv4,hmga1a,0.014555039
sox1a,serbp1a,0.014550554
barhl1b,ncl,0.0145477345
emx2,hspa8,0.01452925
gfi1aa,pcna,0.014524905
nkx2.4a,rxraa,0.014510495
hoxb3a,cirbpa,0.014509692
fli1b,cdon,0.01450945
vax2,hsp90ab1,0.014507927
foxg1d,c1qbp,0.0144997835
jun,tmsb4x,0.014499279
irx6a,hmgb2a,0.014498849
barhl1b,nop58,0.014488803
foxi2,slc1a3a,0.014487737
foxj1a,ccnd1,0.014485144
rfx4,epha4b,0.014484937
rxraa,cntfr,0.0144768255
zgc:101100,ptmaa,0.014476224
etv2,cdon,0.014459647
emx1,pabpc1a,0.014457688
hoxb5b,top2a,0.014453445
sox21a,nop56,0.014439475
six6b,pax6a,0.014437642
sox11a,boc,0.014434408
hmx4,nop56,0.014433551
nkx2.5,pcna,0.014426238
tbr1b,fabp7a,0.01441975
sox11b,fabp7a,0.014417915
irx6a,npm1a,0.014416949
egr2b,hoxb8a,0.014398317
en1b,nusap1,0.014397599
bhlhe22,si:ch73-21g5.7,0.014392162
tfap2a,hmga1a,0.014381887
bhlhe41,hmgb2a,0.014369151
egr2a,sox11a,0.01436763
vax1,marcksl1a,0.014366069
arxb,pax7b,0.014360792
en2b,marcksl1a,0.014353111
egr3,boc,0.0143490555
lef1,sox11a,0.014333319
her6,pa2g4a,0.0143279
lmx1ba,ptprfb,0.014311398
im:7142702,sox11a,0.014305578
hoxa4a,pabpc1a,0.014294879
tfap2e,nop56,0.014294675
foxg1a,cyp26c1,0.014283222
etv2,cntfr,0.014277083
lhx9,hspa8,0.014238306
emx2,hsp90ab1,0.014230803
meis2a,pax6a,0.014230768
nkx2.4b,ccnd1,0.014226821
tbx16,tenm4,0.014219308
nr5a1b,fabp11a,0.014218779
foxd1,npm1a,0.0142133385
sox10,stmn1a,0.014195958
pbx1b,cdh6,0.014190133
emx1,cirbpa,0.0141793545
her9,pabpc1a,0.014171741
vsx1,ube2c,0.014157703
barhl1b,ptmab,0.014150275
twist1a,krt18a.1,0.014148325
nr2f1b,stmn1a,0.014135271
hoxb6a,tmsb,0.014119327
en1b,actb1,0.01411872
fli1b,ncl,0.014110238
cebpb,apoeb,0.014092603
nr5a1a,hbae1.1,0.014091531
pax6b,actc1b,0.014083163
irx6a,hsp90ab1,0.014082908
gata6,boc,0.014079948
gata3,prmt1,0.014077781
otpa,fabp11a,0.014074251
tbx1,postnb,0.014072585
nkx2.1,hmga1a,0.014060074
hnf1bb,pabpc1a,0.014059085
nfixb,pa2g4a,0.0140549755
foxj1a,sox11a,0.014048521
emx1,serbp1a,0.014045993
lhx9,nop56,0.014045636
lbx1b,cirbpa,0.01403895
hoxc6b,hspa8,0.014023611
nr2f1b,hsp90ab1,0.014009506
meis2a,epha4b,0.014006813
ebf1b,tmsb,0.014000418
lhx8a,hmga1a,0.013997298
meis3,sox11a,0.013995082
nkx1.2lb,ccng1,0.013991112
sox11a,ccnd1,0.013982552
hoxb6b,hoxb3a,0.013982233
sox10,pcna,0.013977488
hoxb3a,hmga1a,0.013975837
foxd1,pabpc1a,0.013972633
rx1,hmgn2,0.013962153
foxi2,bcas2,0.013959982
en1b,marcksl1a,0.013957037
tcf7l2,znfl2a,0.013951326
tfap2a,nop56,0.0139502315
nkx6.3,robo1,0.013948933
bhlhe41,npm1a,0.013940075
gsx2,marcksl1a,0.013940054
lbx1b,tmsb4x,0.0139392
atoh1a,hmgn2,0.013937646
emx1,hmga1a,0.01392938
pax6b,hmga1a,0.013926691
tfap2a,cirbpa,0.013926534
foxg1a,tmsb4x,0.013915221
nr2f1b,hmga1a,0.013902379
tbx3a,ncl,0.01389605
alx1,mdkb,0.013895319
twist2,ncl,0.01388548
neurod4,elavl3,0.013881768
foxg1a,prmt1,0.013865994
etv1,pax3a,0.013861559
foxg1a,mycn,0.013847487
en2b,hmga1a,0.013833393
thrab,glrx5,0.013832781
barhl1a,robo1,0.013826312
dlx2a,pabpc1a,0.013823421
rx1,hmgb2a,0.013820573
ascl1a,dkc1,0.013819379
nkx1.2lb,stmn1a,0.013816763
foxi2,prmt1,0.013810304
sox11b,boc,0.013802515
sox21a,cdon,0.013802108
rx1,nap1l1,0.01379389
foxp1b,ccnd1,0.0137836
nkx2.5,pax7a,0.013781202
hmga1a,prdx2,0.013780395
foxd1,pax6a,0.0137787955
sox11b,bcas2,0.013770408
dlx3b,nop56,0.013760038
hoxb5b,mki67,0.013756637
hmx4,ncl,0.013747218
irx7,pax7a,0.013745808
hmga1a,tpm4a,0.013727894
dlx5a,pa2g4a,0.013726858
sox11a,top2a,0.013710339
mitfa,stmn1a,0.013709366
nkx2.2a,ube2c,0.013705215
nkx2.3,pax7a,0.013698995
foxg1d,npm1a,0.0136893075
rx3,nap1l1,0.01368614
etv1,cirbpa,0.013682267
barx1,fth1a,0.013676455
dbx1b,hmgn2,0.013667534
bsx,fabp7a,0.013664041
sox6,qkia,0.013649898
vsx1,mki67,0.013636173
nfixb,nap1l1,0.013635631
phox2bb,cntfr,0.013634794
nr4a2a,rxraa,0.013627119
etv4,cirbpa,0.013626517
nr2e1,ptmab,0.0136202965
hmx4,cirbpa,0.01361678
meox1,mllt3,0.0136139495
barhl2,hsp90ab1,0.013613081
en2a,hsp90ab1,0.013612544
rxraa,stmn1a,0.013605463
hoxb6b,fabp7a,0.013605099
etv4,hsp90ab1,0.013604773
sox5,cirbpa,0.013596039
lhx4,mdkb,0.013591154
lhx9,pcna,0.013584528
barhl1a,ptmaa,0.013584493
foxi3a,robo1,0.013584255
tfap2a,serbp1a,0.0135766845
six3b,ipo7,0.013564953
rx3,fthl27,0.01356488
hoxb8a,aspm,0.01355783
alx4b,fgfr3,0.013555967
tp73,serbp1a,0.013555004
pknox2,serbp1a,0.013543998
sox6,slc4a1a,0.013535486
foxf2b,eif5a2,0.013531223
lhx9,hmgn2,0.013510875
otpb,prmt1,0.013510603
hoxb5b,hmgb2a,0.013503114
sox11a,aspm,0.013496435
sox11b,hmgb2a,0.013494549
dlx2a,hsp90ab1,0.013492459
foxi3a,hmgb2a,0.0134559
sox10,mibp2,0.013451495
egr2b,ncl,0.013447624
nkx2.7,fabp7a,0.013442115
vax2,serbp1a,0.013436564
esrrb,tenm4,0.013426698
emx2,marcksl1a,0.013421689
irx6a,mki67,0.013419281
tbx16,pleca,0.01341849
pax2a,bcam,0.013415099
sox10,cirbpa,0.013409943
bsx,stmn1a,0.013408927
rfx4,cntfr,0.0134074
sox21a,eif5a2,0.013407173
barx1,c1qbp,0.013403575
nr2e1,nop58,0.013403063
myog,serbp1a,0.013394141
en2b,nop56,0.0133926915
pax6a,agrn,0.013388197
jun,hbae1.1,0.013379705
irx6a,ube2c,0.013371376
six1b,tmsb4x,0.013369229
sox11b,stmn1a,0.013368232
lhx9,eif5a2,0.013362009
nkx2.4b,fth1a,0.013360377
nr2e1,fthl27,0.013358511
foxo1a,marcksl1a,0.013347209
pbx1a,rxraa,0.013339211
pax6b,pleca,0.013335661
irx7,eif5a2,0.0133350985
tfap2a,ptmab,0.01332954
pknox2,fabp7a,0.013326764
tbr1b,agrn,0.013318413
vsx1,mdkb,0.013316273
raraa,meis3,0.013311798
hoxa4a,ptmab,0.01329762
nr2e1,npm1a,0.013295867
sox11b,si:ch73-21g5.7,0.0132802995
irx6a,myca,0.013248723
emx2,cirbpa,0.013235631
dlx5a,pcna,0.013216605
meox1,hbae3,0.013213964
egr3,agrn,0.01321256
twist2,stmn1a,0.013211013
egr2b,ptmab,0.013209124
hoxb3a,greb1l,0.013207161
emx1,hspa8,0.013201815
lbx1a,mibp2,0.013195788
en2b,fabp7a,0.013180864
tbx3a,serbp1a,0.013174814
nfixb,bcas2,0.013171586
irx6a,hspd1,0.013160608
en2b,hspa8,0.013160297
gata5,prdx2,0.013159284
hmx4,mibp2,0.013156646
hmx4,npm1a,0.013151992
gata2a,hbae1.3,0.013145998
FQ377628.1,actc1b,0.013139946
lin28a,hmga1a,0.013137773
FQ377628.1,hspa8,0.013137552
six6a,tenm4,0.013128536
vax2,ptprfb,0.0131206615
lhx8a,hspa8,0.013115714
en2a,top2a,0.013109743
otpa,si:ch73-21g5.7,0.013107981
dbx1b,actb1,0.013100697
hoxb5b,prdx2,0.0130985165
osr2,cirbpa,0.013084454
thrab,ccnd1,0.013079286
pknox2,stmn1a,0.013071828
msx1b,si:ch73-21g5.7,0.013062207
hoxb3a,dacha,0.013059994
alx4b,ptprfb,0.013054187
lhx6,eif5a2,0.013046316
en2b,cirbpa,0.013035302
foxi2,hmgn2,0.013031556
en2a,nusap1,0.013027208
barhl1b,metap2b,0.013023187
neurod4,dlb,0.013022205
vsx1,cirbpa,0.013016101
hmga1a,ccng1,0.013011316
nkx6.2,pleca,0.013009326
twist1a,hmgn2,0.013002909
nkx2.5,nop58,0.012998444
irx6a,top2a,0.012996797
FQ377628.1,prmt1,0.012988673
tp53,bcam,0.012984918
foxf2b,ptmaa,0.012984403
lbx1b,hspa8,0.012974854
irx7,hspa8,0.0129729975
nr2f1b,ptmaa,0.01297224
nr2f1b,pabpc1a,0.012962182
noto,mdkb,0.012961283
foxj1b,serbp1a,0.012952727
elf3,hspa8,0.012948647
atf3,hsp90ab1,0.012943747
sox21a,stmn1a,0.012939173
lhx8a,cirbpa,0.012934171
foxg1d,mab21l2,0.012924105
vsx1,nusap1,0.012912141
mafa,pcna,0.0129115945
nkx2.1,fabp7a,0.012905982
hoxc13b,marcksl1a,0.012898968
sox1b,bcas2,0.01289322
wt1b,slc1a3a,0.01288677
hoxb9a,ptmaa,0.012881794
lhx9,fabp7a,0.012873044
hoxa11b,hoxc3a,0.012868997
thrab,pax6a,0.012868477
hmx4,c1qbp,0.012862105
dbx1a,actb1,0.012858789
sox11b,ptmab,0.012857876
mafbb,apoeb,0.012853477
pax6a,serbp1a,0.012853215
jun,actb1,0.012850097
tbx3a,mibp2,0.012845287
en1a,stmn1a,0.012835772
egr3,pax3a,0.012832652
shox2,prmt1,0.012828612
dlx2a,prdx2,0.012828508
foxf2b,tmsb4x,0.012828175
nkx2.4b,hmga1a,0.012826137
lbx1b,fabp7a,0.012811969
lmx1bb,pcdh19,0.012809631
rxraa,sox6,0.012807363
zic2a,hmgb2a,0.01280691
nkx2.5,tpm4a,0.012804864
barx1,eif5a2,0.012801425
tbx15,rrm2,0.012800341
nkx2.2a,bcas2,0.012793037
en1a,si:ch73-21g5.7,0.012790577
hoxa4a,nop58,0.012761881
meox1,col1a2,0.012748355
dlx2a,ipo7,0.012747353
gsx1,mibp2,0.012746946
hoxa4a,tmsb4x,0.012741753
raraa,tmem88b,0.012734272
isl2b,ncl,0.012722959
lbx1b,ptmab,0.012722676
dmrt1,fthl27,0.012683945
sox18,si:ch73-21g5.7,0.012681997
tfeb,tmsb4x,0.012681824
barhl1a,mibp2,0.012679859
barhl1b,pcna,0.012669539
en1b,pcna,0.012669511
hoxa9a,hmga1a,0.01265591
meis3,ebf3a,0.01264328
meis2a,sox6,0.0126345735
lhx6,fabp7a,0.012611492
tcf7l2,ccnd1,0.012609313
nkx2.2a,kpna2,0.01260856
pax6b,nap1l1,0.012606839
gata3,hbae1.3,0.012604663
foxi3a,kirrel3l,0.01260465
gsx1,mdkb,0.012589087
irx7,efna2a,0.012580108
bsx,tenm4,0.012578158
foxg1d,mibp2,0.01257655
mafbb,tmsb,0.012569641
vsx1,tmsb4x,0.012567746
fli1b,cirbpa,0.012558635
nkx6.2,hsp90ab1,0.012553376
egr2a,mibp2,0.012553132
zic2a,kirrel3l,0.01255267
en1b,ncl,0.012552585
lhx9,ptmab,0.012545586
lbx1b,si:ch73-21g5.7,0.01253219
elf3,serbp1a,0.012520482
dlx5a,fthl27,0.012520097
egr3,slc1a3a,0.012512129
lbx1b,hmga1a,0.012505947
irx7,sox11a,0.012500267
lmx1a,hbbe1.3,0.012487538
gsx1,tmsb4x,0.012483591
bhlhe41,eif5a2,0.012482328
lmx1al,eif5a2,0.012480072
foxd1,ccng1,0.012479664
meox1,hbbe1.3,0.01247041
rxraa,pcna,0.0124677215
nkx2.4b,hsp90ab1,0.012462343
thrab,epha4b,0.0124613
FQ377628.1,hsp90ab1,0.012456368
hmga1a,calm1a,0.012450113
isl2b,hsp90ab1,0.01244874
alx4a,ebf3a,0.012447684
hmx4,pa2g4a,0.012443924
sox1b,hbbe1.1,0.012433771
pax6b,ipo7,0.012433411
meis2a,dhrs3b,0.012432695
rx1,ipo7,0.012422575
foxi3a,slc1a3a,0.012416774
hoxa2b,ube2c,0.012411732
sox21a,fabp7a,0.012411216
dlx5a,fth1a,0.012411059
nkx2.4a,bcas2,0.012408364
noto,nop56,0.0124006625
her6,prdx2,0.0123964725
foxa1,marcksl1a,0.012396167
hoxc10a,mdkb,0.01238702
bcl11ab,hmgb2a,0.012386329
barhl2,hmgn2,0.012383406
foxd1,myca,0.012380461
foxa,cntfr,0.012380171
ascl1a,epha4b,0.012374277
foxd1,apela,0.012372711
hoxc10a,prmt1,0.0123618925
hoxc10a,hspa8,0.012359952
pax5,sema3fa,0.012356719
nkx2.5,postnb,0.012351477
sox11b,hapln1a,0.012345833
mafa,fthl27,0.012334763
tfap2b,hbbe1.3,0.012333051
her6,her9,0.0123321535
vsx1,hmgb2a,0.012330932
dlx2a,cirbpa,0.012328038
hmx4,fth1a,0.012325858
gsx1,robo1,0.012324819
twist1b,krt18a.1,0.01232116
tbx1,pleca,0.012318522
zgc:101100,hmga1a,0.012301282
hoxb5b,ptmab,0.012296648
en2b,mdkb,0.01229586
pax6b,myca,0.012288781
cebpa,stmn1a,0.012287442
rfx4,col1a1a,0.012278013
jun,eif5a2,0.012275327
en2a,cirbpa,0.012273228
dlx2b,ncl,0.012270029
hmx4,nap1l1,0.012269694
foxd1,hmgb2a,0.0122629935
otx5,dkc1,0.012262924
nr2f1b,fabp11a,0.012262243
her9,npm1a,0.012261506
nfia,bcam,0.012253011
hoxa2b,fthl27,0.012250848
gsx1,ek1,0.012249296
fosab,tmsb4x,0.012248831
barx1,hmgn2,0.012235285
spi1b,pax5,0.012232097
hmga1a,pleca,0.012225551
barhl2,mdkb,0.012223301
lhx1a,hspa8,0.012219398
lmx1al,cirbpa,0.01221722
irx6a,nusap1,0.012213189
barx1,ptmab,0.0122051295
lhx1a,cirbpa,0.012204783
egr2a,cntfr,0.0121952295
lhx9,mdkb,0.012182815
foxi3a,prmt1,0.012178143
dlx5a,fabp7a,0.012175662
hoxb6b,col28a2a,0.012172408
foxi3a,mibp2,0.012170731
msx1b,fthl27,0.012169617
fli1b,stmn1a,0.012164348
hmx4,hmgn2,0.012151478
arxb,fabp11a,0.01215139
irx7,prdx2,0.012149475
tbx18,serbp1a,0.012144506
sox11b,hspa8,0.012142184
sox11b,actb1,0.012131186
sox21a,tmsb,0.012130686
en1b,tmsb4x,0.01212852
hmx4,metap2b,0.012128039
en2b,eif5a2,0.012124608
pknox2,cep131,0.012115513
pax6a,boc,0.012110712
sox11a,ube2c,0.012092948
foxi2,pcna,0.012091
tbx16,efemp2b,0.012068727
zgc:101100,ncl,0.012068355
nkx6.2,hmgn2,0.012067082
noto,cntfr,0.012063374
tbx5b,pax3a,0.0120610995
hlx1,actb1,0.012054825
barhl2,ptprfb,0.01205286
dmrt3a,ccng1,0.01205041
sox21a,bcas2,0.012048942
nr2f1b,ptmab,0.012048092
vsx1,hmga1a,0.012041488
etv2,pcna,0.012040868
dlx4b,ncl,0.012038861
irx6a,fth1a,0.012029111
barhl1a,mdkb,0.012023306
tfap2b,hmga1a,0.012018511
sox5,actc1b,0.012011897
sox1a,mibp2,0.012011438
six3b,prdx2,0.01200999
hoxc3a,hoxa4a,0.0120055685
emx1,ccng1,0.012003116
gsx1,ptmab,0.011995757
cebpb,fthl27,0.011991439
phox2bb,ccnd1,0.011990664
alx4a,si:ch73-21g5.7,0.011982488
tp53,metap2b,0.011981881
FQ377628.1,nap1l1,0.011975202
vax2,marcksl1a,0.011970678
hoxa2b,her15.2,0.011937423
ascl1a,ptmab,0.011933317
vax1,pabpc1a,0.011932155
pknox2,ebf3a,0.011928239
rxraa,prdx2,0.011927986
hoxa2b,pcdh19,0.011923632
en2b,her9,0.011920894
hoxc13b,fthl27,0.0119183855
nr4a2a,serbp1a,0.011906961
tfap2a,fthl27,0.01190672
dbx1a,hmgn2,0.011893164
tbx1,marcksl1a,0.011884012
twist1a,nap1l1,0.01188157
hoxb5b,mdkb,0.01186836
barhl1b,pa2g4a,0.011867317
FQ377628.1,nop56,0.011861935
egr3,ptmab,0.011861556
tbr1a,pleca,0.0118557075
dlx3b,npm1a,0.011851519
foxd1,metap2b,0.011850592
hoxb5b,hmgn2,0.011847723
tfap2e,serbp1a,0.011846178
tlx3b,efna2a,0.011844191
rxraa,prickle1b,0.011832047
hoxa4a,ncam1b,0.011831975
barhl2,prdx2,0.0118288575
vsx1,hmgn2,0.011826487
nkx2.1,hsp90ab1,0.011824228
en2a,mki67,0.0118228635
mnx2b,marcksl1a,0.011819592
foxg1a,ccnd1,0.011812694
etv4,pcna,0.011812466
dlx2b,pcna,0.011807464
foxa1,pcdh19,0.011807004
hoxb3a,mllt3,0.011806099
arid3c,ptprfb,0.011789213
irx6a,hspa8,0.011786167
foxg1a,pax6a,0.011785419
dlx3b,cntfr,0.011781382
foxi3a,hmgn2,0.011778383
nkx6.2,fabp7a,0.0117765665
otpa,mdkb,0.011772591
dlx2a,npm1a,0.011771784
emx1,npm1a,0.011768893
ascl1a,hmgb2a,0.01176424
hoxb3a,fgfr3,0.011763082
irx6a,cirbpa,0.011757358
hoxb9a,pcna,0.011753216
pax6b,pa2g4a,0.011745697
hoxc6b,pabpc1a,0.011742619
rx3,hspe1,0.011737494
hoxb8a,hoxc3a,0.011736453
irx6a,pa2g4a,0.011732496
sox11a,qkia,0.011729395
hoxa2b,mllt3,0.011721995
FQ377628.1,boc,0.011719308
lef1,hsp90ab1,0.01168581
foxg1a,hbbe1.3,0.011671243
nr5a2,pcna,0.011671183
hoxa4a,actb1,0.01167111
foxf2a,hsp90ab1,0.011667466
pbx3b,pcdh19,0.01166619
foxi2,hmga1a,0.011663237
foxf2a,ncl,0.011642319
nr5a1b,hbae1.1,0.011639657
gata2a,ptmaa,0.011636745
mafa,hbae1.1,0.011631519
en2a,pcdh19,0.0116312
six6a,npm1a,0.011628858
foxi2,metap2b,0.011627073
elf3,sox11a,0.011617565
fosl2,cntfr,0.01159721
en1b,fth1a,0.011585021
phox2bb,hspe1,0.011580093
irx6a,ube2v2,0.011575392
lmx1a,ccng1,0.011574771
phox2a,tpm4a,0.0115411375
phox2bb,zgc:174855,0.011531754
pax6b,hmgn2,0.011522777
lbx1b,actb1,0.011518195
lmx1bb,fgfr3,0.011515441
hoxb3a,raraa,0.0115067065
meox1,mibp2,0.011494575
foxi3a,hbbe1.3,0.011489821
barhl2,hspa8,0.011488864
tfap2e,cntfr,0.01148525
bcl11aa,pax5,0.0114788
nfixb,fabp7a,0.011476979
tfap2a,vim,0.0114740115
foxi2,nop58,0.011468737
hmx4,hsp90ab1,0.011467657
jun,sox6,0.011466425
etv2,pax3a,0.01146238
mafa,hmga1a,0.011460297
hoxb8a,her15.2,0.011459173
twist1b,npm1a,0.0114581175
her6,sox11a,0.011456901
rxraa,hoxc3a,0.01145418
otpa,ptmaa,0.011447027
foxi3a,nop58,0.011445727
fosab,pcna,0.0114423465
rx1,hapln1a,0.011438812
jun,tpm4a,0.011436911
emx2,mibp2,0.011432105
ebf2,tuba8l3,0.011431759
bcl11aa,pmp22a,0.011423204
foxg1d,prmt1,0.011411489
hmga1a,npm1a,0.0114072915
foxj1b,nop56,0.0114062885
hoxb6a,hoxb3a,0.0114044305
irx4b,cntfr,0.011402643
bsx,cntfr,0.011398195
nfixa,slc1a3a,0.011393952
lmx1a,nop56,0.01139332
msx1b,hmga1a,0.011384698
barhl1a,col28a2a,0.0113788
arxb,si:ch73-21g5.7,0.011377649
pax2a,rxraa,0.011371222
klf3,hbbe1.1,0.011370067
fosaa,znfl2a,0.011368043
foxi3a,ptmab,0.0113638295
nr5a1b,hoxc3a,0.0113598015
shox2,hspe1,0.011354066
gsx2,tmsb4x,0.0113455225
en2a,npm1a,0.011343836
meis2a,ank2b,0.011340492
spi1b,boc,0.011339714
nkx1.2lb,cntfr,0.011332889
lin28a,hsp90ab1,0.011332788
klf7a,twist1a,0.011332556
foxi3a,tmsb4x,0.011329869
etv4,hspa8,0.011329384
pax6b,ccnd1,0.011329087
zic3,hmgb2a,0.011327865
hoxb6a,prmt1,0.011326879
tbx20,pleca,0.011326843
foxd1,kirrel3l,0.011324576
dmrt3a,npm1a,0.011319955
sox11b,fth1a,0.011317713
phox2a,hspa8,0.01130308
barhl2,hmga1a,0.011295644
thrab,ap2m1a,0.011290509
vsx1,si:ch73-21g5.7,0.011290182
FQ377628.1,cirbpa,0.011290045
atf3,slc4a1a,0.011276087
pax6a,pleca,0.011269432
lhx5,ptmaa,0.011267093
meis2a,tmsb4x,0.011263408
nkx2.3,ube2c,0.011262728
eomesa,ncl,0.011260906
dlx4b,pcna,0.011257929
alx4a,npm1a,0.011253697
rx1,mybbp1a,0.011253046
hoxb3a,ncam1b,0.011251647
gsx1,ccng1,0.011250718
nr5a2,bcas2,0.011247276
barhl1b,actb1,0.011236304
hmx4,glrx5,0.011234214
lmx1ba,pcna,0.011230672
en1b,mki67,0.011230013
alx1,sox11a,0.011226532
tfeb,hmgb2a,0.011225359
meis2a,ptmaa,0.011222353
phox2bb,fth1a,0.011218655
hoxb5b,tmsb4x,0.011214563
tbx5b,nap1l1,0.011212709
emx2,tmsb4x,0.011206023
tfeb,cirbpa,0.01120435
shox2,hmgb2a,0.011201361
gata3,mki67,0.01119982
foxa1,hmga1a,0.011198866
gata5,epha4b,0.011192007
pax6a,pcdh19,0.011189289
gata5,pcdh19,0.011187223
meis3,serbp1a,0.0111820595
myod1,epha4b,0.011171672
egr2b,robo1,0.01117131
sox11b,kpna2,0.0111710215
hoxb6a,nop58,0.011169542
thrab,pax3a,0.011167151
nr5a2,prdx2,0.011165886
hoxb6a,ccnd1,0.011164726
sox10,ap2m1a,0.011154224
mitfa,prmt1,0.01115309
pax6b,ptmaa,0.011148701
tbx5b,ptmaa,0.01114466
erfl1,cntfr,0.011144169
sox11b,tmsb4x,0.011143103
hoxc10a,col5a2a,0.011140313
FQ377628.1,bcas2,0.011139423
pax2a,serbp1a,0.011135196
rx3,prmt1,0.011132477
en2a,efna2a,0.011130417
pax6b,prmt1,0.011126909
barhl1b,marcksl1a,0.011123404
foxd1,fth1a,0.011120585
sox11a,eif5a2,0.011115343
foxj1b,mibp2,0.011113529
tlx3b,hbae3,0.01111124
nr5a1a,bcam,0.011111138
phox2bb,mibp2,0.011110486
ascl1a,pa2g4a,0.011109869
thrab,phlda2,0.011106362
etv4,marcksl1a,0.011106082
jun,stmn1a,0.011104621
fosb,znfl2a,0.011098431
atf3,tmsb4x,0.0110916775
alx4a,hsp90ab1,0.011091627
nkx2.2a,pax7a,0.011090493
her9,en2b,0.011086883
dlx2a,tmsb4x,0.0110796215
nkx2.1,pcna,0.011077489
en1b,pa2g4a,0.011077333
jun,ptmaa,0.011076748
en1b,ptmaa,0.011075862
tfap2a,ccng1,0.011074694
alx1,ptprfb,0.011073823
sox10,hsp90ab1,0.011070762
irx7,mibp2,0.011069685
bhlhe41,mdkb,0.0110684
hoxb3a,hoxa4a,0.011066658
olig2,cdh11,0.011059788
foxg1d,epha3,0.011056388
en1a,marcksl1a,0.011055018
pknox2,qkia,0.01105047
foxa,cxcl12a,0.01104752
irx7,hbae1.3,0.011045589
foxj1b,nop58,0.011034084
rx3,eif5a2,0.01102867
nkx1.2lb,hspe1,0.011019796
alx4a,prmt1,0.0110196415
lhx8a,fgfr3,0.011012825
tfap2b,kirrel3l,0.011004015
hoxb5b,aspm,0.011003564
gsx2,her15.2,0.011003283
egr4,cxcl12b,0.011002546
pax6a,sfrp5,0.01099704
hoxa4a,greb1l,0.010990794
en1b,nop56,0.010989801
foxd1,epha3,0.010980332
shox2,ncl,0.010971396
nkx2.4a,slc1a3a,0.010969581
lbx1b,her9,0.01096948
en1b,nap1l1,0.010967674
phox2bb,ntn1a,0.010964324
sox1a,qkia,0.010959646
foxg1a,ccng1,0.010956158
alx1,npm1a,0.010953928
twist1b,ncl,0.010951936
dlx2b,pa2g4a,0.01095173
emx1,hsp90ab1,0.010942643
meis2a,sox11a,0.010937795
hmx4,hmga1a,0.010937528
en1b,hsp90ab1,0.010930787
vax2,eif5a2,0.01092936
hoxa4a,eif5a2,0.010928478
uncx,efna2a,0.010925314
foxa,hsp90ab1,0.010924941
vax2,elavl3,0.010918582
gata3,hbbe1.1,0.0109138135
gsx2,hmgn2,0.010912933
en1a,ptmab,0.010908246
hoxc10a,pcna,0.010907496
shox2,pcna,0.01090632
irx7,nop56,0.010898008
dbx1b,pabpc1a,0.010895671
lmx1ba,ncl,0.010894537
pbx1a,pax3a,0.010884249
FQ377628.1,fthl27,0.010881407
irx6a,ipo7,0.010879973
atoh1a,nusap1,0.010871215
pbx3b,pax3a,0.010868959
sox5,tgfbi,0.010868833
otpa,hspe1,0.01086546
foxf2b,pax7a,0.0108625665
tfap2a,npm1a,0.010860662
meox1,cntfr,0.010858777
fezf2,tuba8l3,0.010858705
gsx2,hspe1,0.010857445
pknox2,pax6a,0.01085363
foxf2a,pax7a,0.010852884
phox2bb,sox21a,0.010849619
sox11b,ptmaa,0.010827732
sox11a,efna2a,0.010826644
hoxa4a,fgfr3,0.010826219
thrab,mycn,0.010823843
nkx2.2a,rxraa,0.010821392
en2a,fth1a,0.010818183
sox21a,aspm,0.010815046
hoxa11b,prmt1,0.010814901
hoxb5b,hoxb3a,0.010812653
hoxa4a,ccnd1,0.010809935
hmx4,ipo7,0.010808904
foxp1b,hbae1.1,0.010804041
elf3,npm1a,0.010803434
rfx4,dacha,0.0107991835
en2b,tmsb4x,0.010790627
mafa,hmgb2a,0.010789765
hoxc3a,col11a1a,0.010787983
en2a,hmgb2a,0.010782777
tfap2b,serbp1a,0.010782158
sox1b,prdx2,0.010780399
pax7b,mab21l2,0.010754705
klf3,tmsb,0.010752364
sox11a,si:ch73-21g5.7,0.010749082
jun,sox11a,0.010745381
shox2,hsp90ab1,0.010743259
jun,hmgn2,0.010737046
gata6,cntfr,0.0107325325
etv4,nap1l1,0.010723941
irx7,npm1a,0.010714126
hoxa2b,sox21a,0.010698858
gsx2,ptmab,0.010693983
shox2,ptmab,0.010691394
sox7,hspa8,0.010689197
en1a,nop56,0.010685494
foxp1b,kirrel3l,0.010681444
foxf2b,ccnd1,0.0106762415
dlx2b,fabp7a,0.010674241
phox2bb,ncl,0.010671669
egr2b,hmgb2a,0.010669197
tfap2a,pabpc1a,0.010664016
hoxa9a,hbbe1.1,0.01065409
jun,hbae1.3,0.010651534
en2a,pa2g4a,0.010647432
foxd3,boc,0.010646877
uncx,tpm4a,0.010643486
nr2f1b,si:ch73-21g5.7,0.0106358165
barhl1b,hspe1,0.0106346095
phox2bb,pa2g4a,0.010634277
irx6a,nop2,0.01063209
foxf2b,bcas2,0.010629409
mafbb,sox11a,0.010618552
foxp1b,hbae1.3,0.010611124
hoxb5b,fabp7a,0.010605385
en2a,nop56,0.010599079
hoxb6b,marcksl1a,0.0105955675
sox5,cdon,0.010590294
nr2f1b,her9,0.010588455
six6a,sox11a,0.010587079
hoxb6b,hmga1a,0.010585976
foxg1a,sox11a,0.010585081
foxa1,pax6a,0.010580292
otpb,ptprfb,0.0105771
hoxc6b,tmsb4x,0.010568515
hoxb9a,marcksl1a,0.0105674965
nkx2.5,fabp11a,0.0105580855
en1a,hmgn2,0.010557994
egr2b,fth1a,0.010542464
nfia,fth1a,0.010539642
lbx1b,pcna,0.010532972
meis2a,twist1a,0.010524085
pax2a,tenm3,0.010518494
meis3,robo1,0.010517703
foxf2b,nop58,0.010515694
barhl2,ptmab,0.010513086
barhl1b,nop56,0.010511612
isl2b,pcna,0.01050913
lhx9,fth1a,0.010502866
alx1,prdx2,0.0104992455
cebpb,eif5a2,0.010494088
uncx,col1a2,0.010485813
alx4b,prmt1,0.010475217
vsx1,eif5a2,0.010474069
cebpa,tenm4,0.010469695
sox11b,tmsb,0.010469065
sox11a,bcas2,0.010468698
phox2bb,nop58,0.010467976
irx4b,znfl2a,0.010465328
FQ377628.1,krt18a.1,0.010463587
sox21a,top2a,0.010452862
raraa,mki67,0.010447433
foxf2b,nop56,0.010442883
gata3,id3,0.010437667
en1a,tmsb4x,0.0104312925
nfixa,ntn1a,0.010425635
mafa,hmgn2,0.010425214
etv4,ptmab,0.010425003
hoxc10a,eif5a2,0.010423819
en2b,pcna,0.010421306
meox1,pcdh19,0.01041753
hoxb6b,rnf220a,0.010414968
tbx20,ncl,0.010413905
pknox2,sox11a,0.010410875
otpb,sox11a,0.010408131
rx1,fth1a,0.010406728
gata5,krt18a.1,0.010403523
tfap2b,pax3a,0.010403078
etv4,efemp2a,0.0104030715
nfia,pa2g4a,0.010402037
meis3,rxraa,0.0104016345
nkx2.3,hsp90ab1,0.010399606
nr4a2a,hspa8,0.01039767
sox21a,prmt1,0.01039189
nkx2.5,pa2g4a,0.010391143
lhx2b,actb1,0.01038803
alx1,marcksl1a,0.010387579
atoh7,dhrs3b,0.010380771
dlx3b,efna2a,0.010380672
lhx9,ncl,0.010378978
atf3,cahz,0.01037514
gata5,id3,0.010373408
hoxb5b,hoxc3a,0.010368112
sox11b,fthl27,0.01036701
klf3,slc1a3a,0.010366951
nr2f1b,fthl27,0.010364846
meis2a,cep131,0.010359908
tfap2d,qkia,0.010358602
sox7,tmem14ca,0.0103573445
emx1,mdkb,0.010355445
dlx2a,id3,0.010352401
hoxb5b,hapln1a,0.010351964
tlx3b,mibp2,0.010348924
rorb,nop58,0.010343259
gsx1,her15.2,0.010339414
hlx1,pabpc1a,0.010338714
egr2b,pabpc1a,0.010338477
meox1,hspa8,0.010337929
gata5,pax6a,0.010336674
sox10,nop58,0.010335439
irx4b,prdx2,0.010335348
sox18,mycn,0.010332447
pax6b,hoxc3a,0.010327633
six3b,hspd1,0.010326216
rx1,prdx2,0.010319997
otpa,cirbpa,0.010317505
foxj1a,znfl2a,0.010314163
mnx2b,mki67,0.010314114
meis2a,hoxb3a,0.01030669
en2a,ube2c,0.010299698
lmx1ba,hsp90ab1,0.010299356
elf3,pax3a,0.010298212
hoxb6b,ntn1a,0.010295617
neurod4,nusap1,0.010290851
foxf2b,slc1a3a,0.010290706
pax5,hmga1a,0.010289794
gsx1,hmgb2a,0.010289236
raraa,rxraa,0.010287247
tbx1,agrn,0.0102819195
phox2bb,pabpc1a,0.010279936
lhx9,elavl3,0.010278565
hoxb8a,ccng1,0.010274754
tbx5b,slc1a3a,0.010274062
irx7,tmsb4x,0.010270968
pax6a,epha3,0.010266105
tfap2d,aqp1a.1,0.010265872
vsx1,ptmab,0.010264132
rxraa,tenm3,0.010264062
hoxb5b,ccnd1,0.010263465
nr2f1b,mki67,0.010260575
foxf2a,npm1a,0.010257725
pax6a,ek1,0.010257543
egr2b,her9,0.010256827
hoxb5b,hspa8,0.010249633
hoxc13b,tmsb4x,0.010247468
elf3,bcam,0.010244964
dmrt3a,ptmab,0.010244856
nkx2.3,fth1a,0.010242927
dlx5a,ptprfb,0.010238765
pbx1a,cdh6,0.0102387285
gata2a,id3,0.010237063
foxg1d,mybbp1a,0.010236836
msx1b,tenm4,0.010235688
en1b,hspe1,0.010235295
hoxa9a,hoxc3a,0.010234643
gata6,nusap1,0.010229819
vsx1,kif11,0.010229671
foxg1a,hbae1.3,0.010228595
barhl1b,hmgb2a,0.010219073
hmga1a,apoeb,0.010217015
hoxa4a,tenm4,0.010216708
nr5a1b,npm1a,0.010212461
irx7,boc,0.010211102
sox10,ptmab,0.010208282
jun,fth1a,0.010201972
foxg1a,hspa8,0.010197846
sox1a,hsp90ab1,0.0101971235
zgc:101100,pabpc1a,0.0101903835
en2b,cnpy1,0.010186889
emx1,cntfr,0.010186606
sox5,nop56,0.010174462
raraa,hoxc3a,0.010165927
tbx2b,epha3,0.010165044
otx5,bcas2,0.010161879
phox2a,fabp7a,0.01015178
alx4b,cirbpa,0.010146396
lef1,ptmab,0.0101450905
fli1b,pax3a,0.01013541
rorb,bcas2,0.010124013
pknox2,ntn1a,0.010121921
gsx2,hmga1a,0.010121563
hmga1a,c1qbp,0.010118766
sox7,qkia,0.010111082
dlx3b,nop58,0.010109968
mafbb,twist1a,0.010105061
lhx2b,dkc1,0.010103391
emx2,hspe1,0.010102554
egr3,hmgb2a,0.010101305
nkx2.5,prdx2,0.010094654
bhlhe40,nop56,0.010091281
nkx2.4b,ncl,0.010085223
mafbb,hbae1.3,0.010084816
foxd1,hmgn2,0.0100846095
lmx1bb,ntn1a,0.010084547
foxi2,stmn1a,0.010084322
phox2bb,dkc1,0.010084196
en1b,her9,0.010083531
hmga1a,tnni2b.1,0.010083372
foxg1d,sox11a,0.01007749
foxa,fthl27,0.010076301
sox21a,ube2c,0.010072198
pknox2,pabpc1a,0.010067411
en2a,c1qbp,0.010062554
tp53,nusap1,0.010058769
tfap2e,marcksl1a,0.010058422
nr2f1b,pcdh19,0.010057337
etv4,actb1,0.010050724
hmga1a,sox21a,0.010049685
meis2a,ncam1b,0.01004535
bhlhe22,cirbpa,0.010043993
irx7,hbae1.1,0.010043357
rx1,epha3,0.010042982
meis3,top2a,0.010039246
pknox2,sfrp5,0.010036603
otpb,fabp7a,0.010032844
foxf2a,ube2c,0.010032613
nkx2.7,bcam,0.01002938
rxraa,kirrel3l,0.010028294
mafbb,pa2g4a,0.0100235855
dlx3b,aspm,0.010022934
sox11b,pcna,0.010022291
foxp1b,nop56,0.010021891
gsx1,nop56,0.010021402
hoxb5b,sox11b,0.0100158835
etv2,pabpc1a,0.010014381
nr2e1,cdon,0.010007806
en1a,fabp11a,0.01000459
pknox2,hspa8,0.0100045595
msx1b,tenm3,0.009999118
foxg1a,ptmab,0.009997191
dmbx1a,ptmaa,0.009997185
atf3,eif5a2,0.0099940365
foxg1a,postnb,0.009991198
twist2,efemp2b,0.009989993
eomesa,marcksl1a,0.009988766
meis2a,prdx2,0.009987491
sox5,ebf3a,0.009984991
hmx4,hspd1,0.009984031
raraa,hspe1,0.009981878
emx2,hmga1a,0.009980707
otpa,prmt1,0.009977423
en1a,hmgb2a,0.0099721765
bsx,ccng1,0.009971384
sox10,fthl27,0.009970989
barx1,ube2v2,0.009967137
hoxa4a,metap2b,0.009957908
bhlhe22,rxraa,0.009954589
hmx4,marcksl1a,0.009945448
crx,bcas2,0.009940901
irx4b,ptmaa,0.009939743
gfi1aa,aspm,0.009938838
foxa,aspm,0.009937399
foxd1,hspd1,0.009937313
foxa1,mki67,0.009934887
eomesa,serbp1a,0.00992921
zic3,mibp2,0.009926503
myod1,pleca,0.009923931
nr2f1b,pcna,0.00992355
phox2bb,nusap1,0.009910055
hlx1,hmgn2,0.009907377
sox10,bcas2,0.0099072065
en2a,eif5a2,0.009906513
lhx1a,tmsb4x,0.009900796
twist2,nop56,0.009899416
nr2f1b,bcas2,0.009896365
dlx5a,hmga1a,0.009895272
fosab,hmgn2,0.009894216
foxg1a,bcas2,0.009890261
mnx2b,ncl,0.009887255
nkx2.7,prdx2,0.009886097
pax6a,sox11a,0.009885724
hoxb3a,dkc1,0.009880137
foxf2a,kpna2,0.009877005
shox2,ptprfb,0.009875693
sox1b,fth1a,0.009872472
hmx4,top2a,0.0098706
lbx1b,pabpc1a,0.009867793
FQ377628.1,ccnd1,0.009861348
FQ377628.1,ube2v2,0.009858746
tbx5b,ipo7,0.009857929
bhlhe41,prmt1,0.009856481
nkx3-1,tmsb,0.009846833
gata1a,hbbe1.1,0.009836225
en2a,ptmab,0.009833615
pax6b,hmgb2a,0.009816687
noto,tmsb4x,0.009816442
meis2a,dacha,0.00981209
pknox2,sema3fa,0.009810599
fli1a,id3,0.00980984
foxf2b,dkc1,0.009807258
eomesa,hmga1a,0.009805364
irx6a,fthl27,0.00980269
hlx1,nop58,0.009801761
erfl1,stmn1a,0.009801612
tbx5b,agrn,0.009794436
alx4b,pcdh19,0.009790939
pax6a,ccnd1,0.009785729
foxi2,nusap1,0.009780577
uncx,sox11a,0.009778723
gata3,serbp1a,0.009777838
lmx1a,mllt3,0.0097756535
sox11b,cirbpa,0.009770867
pax6a,pcna,0.009770788
irx6a,glrx5,0.009765578
arxb,prmt1,0.009760928
fli1a,pcna,0.009760823
sox5,hbbe1.1,0.009760502
fli1a,ap2m1a,0.009758796
hoxa2b,sox11b,0.009757788
tbr1b,efna2a,0.009755093
otx5,hmgb2a,0.009754277
foxd3,cygb1,0.009753622
phox2bb,metap2b,0.00975248
hoxb3a,adamts3,0.009745226
rxraa,emp2,0.009744974
rfx4,tnni2b.1,0.009740792
en1a,fth1a,0.00973393
dlx5a,eif5a2,0.009728463
nkx6.3,ptmaa,0.009728053
sox11b,tpx2,0.009724196
en2b,ncl,0.009722479
hoxb5b,actb1,0.009712054
sox5,ptmaa,0.009710129
foxj1b,aspm,0.009702373
nkx2.2a,ccng1,0.009701157
wt1a,cxcl12b,0.009697895
msx1b,her15.2,0.009690486
sox1a,ube2c,0.009688558
sox1a,hspa8,0.009686643
sox1a,boc,0.009685988
nr5a1a,hbae3,0.009685487
lhx9,npm1a,0.009681104
foxj1b,prmt1,0.009674536
etv2,rxraa,0.009671309
foxa,marcksl1a,0.009660125
klf1,epb41b,0.009657441
nkx2.1,fth1a,0.009656479
meis2a,fthl27,0.009651923
etv4,nop56,0.009650297
barhl1b,cntfr,0.009647556
bhlhe22,dlb,0.009643034
sox10,mki67,0.0096332785
barhl1a,hspa8,0.009625373
sox21a,hapln1a,0.009624817
raraa,dhrs3b,0.009623751
pax6b,bcam,0.0096236495
en2a,pcna,0.009621965
irx7,id3,0.009620345
rxraa,nrp2b,0.009617917
nkx2.3,pcna,0.009612733
jun,hsp90ab1,0.009609454
isl2a,ncl,0.009608604
alx4b,mdkb,0.009607924
hoxb5b,metap2b,0.0096035255
otpa,ptmab,0.009602967
nkx2.4b,fthl27,0.0096025765
fosb,tenm4,0.009599429
nhlh2,tenm4,0.009595353
lhx8a,hmgb2a,0.009594951
dlx2a,hmga1a,0.009594395
thrab,zfpm1,0.009593777
alx4a,col1a2,0.00959272
lhx9,nop58,0.009592191
nkx2.3,pax3a,0.009591475
foxd3,sox11a,0.009590959
etv1,mki67,0.009590422
thrab,bcam,0.009587494
thrab,tenm3,0.0095803775
atf3,blf,0.00957763
sox7,si:ch73-21g5.7,0.009575031
phox2bb,mdkb,0.009568415
raraa,hoxb3a,0.00956662
pknox2,robo1,0.009566091
lhx9,ptmaa,0.009561345
gsx2,fth1a,0.009559163
rx1,hspd1,0.009556014
hoxb5b,marcksl1a,0.009553804
pax6a,cirbpa,0.009553158
foxi2,eif5a2,0.0095531065
neurod1,nusap1,0.009551698
en2b,mki67,0.009551444
hoxa9a,hsp90ab1,0.009548172
phox2bb,tpm4a,0.009546722
six1b,pabpc1a,0.009544744
gata3,pax3a,0.009541331
en2a,tmsb4x,0.0095382165
en2a,hmga1a,0.009537878
sox10,ccnd1,0.009533633
gata3,ptmab,0.009531336
shox2,ccnd1,0.009529152
dlx5a,hsp90ab1,0.009527933
rx1,ptmaa,0.009527464
dmbx1a,fabp7a,0.009527142
foxi2,fth1a,0.0095243845
etv1,hsp90ab1,0.009524102
runx3,prmt1,0.009523731
lmx1al,hspa8,0.009522736
meis3,hmgb2a,0.009520646
gata3,fabp11a,0.00951937
foxi3a,pcdh19,0.00951799
tbx4,slc1a3a,0.009516631
irf8,sfrp5,0.009511112
gata2a,serbp1a,0.00950928
lhx9,hmgb2a,0.009505432
rx3,ccnd1,0.009505118
en1b,pcdh19,0.009504895
etv2,ckbb,0.009501945
nkx2.2a,fthl27,0.009491049
msx1b,greb1l,0.0094804475
hoxb9a,hmgn2,0.009480136
tbr1b,cntfr,0.009475247
tp53,ube2c,0.009470593
gata3,cirbpa,0.009466272
gata3,her15.2,0.009466271
prox1a,nusap1,0.009465981
sox18,boc,0.00946515
barhl2,fthl27,0.009460956
foxj1b,tpx2,0.009458264
etv1,marcksl1a,0.009458034
foxf2a,ccng1,0.009457936
sox11a,ebf3a,0.009457895
bsx,ncl,0.009456396
hoxb8a,atp1a1b,0.009456347
rorb,ccnd1,0.009452719
hoxc10a,ptmab,0.009450972
sox1b,cdon,0.009449387
myog,cntfr,0.009444127
barhl1b,tenm4,0.009443663
barhl1a,tmsb4x,0.009442599
hnf4g,rxraa,0.009442393
tbx18,vim,0.009441841
etv2,prdx2,0.009441057
rxraa,ank2b,0.00943685
etv4,npm1a,0.009435855
twist2,colec12,0.009435381
shox2,hspa8,0.009429065
eomesa,agrn,0.009428842
en2b,sox21a,0.009426272
phox2bb,eif5a2,0.009425895
pax6a,vim,0.009418929
rx1,ptmab,0.009410217
tcf7l2,sox11a,0.009402485
jun,col5a2a,0.009402276
alx1,cntfr,0.009400152
lhx2b,hmgb2a,0.009396811
otpa,hmgb2a,0.009392202
hoxa2b,fth1a,0.009392075
vax2,ptmaa,0.009391843
tfap2a,pcna,0.009391418
tfap2d,hoxc3a,0.009390874
nr2f1b,cirbpa,0.009390487
hoxc10a,prdx2,0.009379827
sox10,fth1a,0.009379015
irx7,actb1,0.009379011
dmrt3a,hmgn2,0.009378701
en1a,en2b,0.009369413
hoxa9a,ptmaa,0.009365442
