"","degree_all","degree_in","degree_out","clustering_coefficient","clustering_coefficient_weighted","degree_centrality_all","degree_centrality_in","degree_centrality_out","betweenness_centrality","closeness_centrality","eigenvector_centrality","page_rank","assortative_coefficient","average_path_length","community_random_walk","module","connectivity","participation","role"
"zic1",6,0,6,0,0,0.0134529147982063,0,0.0134529147982063,0,2.93492577788425,0.0781341363771288,0.00147343430287267,-0.0905919844628514,0.0540337991296461,5,0,-0.351101175603929,0.666666666666667,"Connector"
"hmga1a",78,40,38,0.0901754385964912,0.112967064888774,0.174887892376682,0.0896860986547085,0.0852017937219731,3266,0.50699281886499,1,0.00673115470608067,-0.0905919844628514,0.0540337991296461,2,2,4.42986337583787,0.588296398891967,"Connector Hub"
"foxa",14,0,14,0.142857142857143,0.115508323313353,0.031390134529148,0,0.031390134529148,0,0.350093246863676,0.185802957204212,0.00147343430287267,-0.0905919844628514,0.0540337991296461,2,2,-0.0503529801854366,0.581632653061225,"Peripheral"
"zic2a",6,0,6,0,0,0.0134529147982063,0,0.0134529147982063,0,5.31916172479309,0.0360784194739538,0.00147343430287267,-0.0905919844628514,0.0540337991296461,5,0,-0.351101175603929,0.611111111111111,"Peripheral"
"rfx4",13,2,11,0.0128205128205128,0.00985552482651789,0.0291479820627803,0.00448430493273543,0.0246636771300448,160,3.42701919645488,0.0459604573707044,0.00198586745515997,-0.0905919844628514,0.0540337991296461,1,0,1.41740844966032,0.272189349112426,"Peripheral"
"six1b",6,0,6,0,0,0.0134529147982063,0,0.0134529147982063,0,6.06164359356588,0.0391618730107083,0.00147343430287267,-0.0905919844628514,0.0540337991296461,5,4,-0.308137217601325,0.666666666666667,"Connector"
"egr4",5,0,5,0,0,0.0112107623318386,0,0.0112107623318386,0,7.149515231052,0.0424182395447937,0.00147343430287267,-0.0905919844628514,0.0540337991296461,2,0,-0.351101175603929,0.48,"Peripheral"
"tbr1b",9,0,9,0,0,0.0201793721973094,0,0.0201793721973094,0,5.13454684651178,0.0523915893705428,0.00147343430287267,-0.0905919844628514,0.0540337991296461,5,1,0.610809342523858,0.345679012345679,"Peripheral"
"sox6",17,5,12,0.0588235294117647,0.0413683785744173,0.0381165919282511,0.0112107623318386,0.0269058295964126,125,3.37910748931462,0.100574449573408,0.00189225035973413,-0.0905919844628514,0.0540337991296461,2,0,1.19634474650229,0.581314878892734,"Peripheral"
"msx1b",23,0,23,0.0434782608695652,0.0357933457777449,0.0515695067264574,0,0.0515695067264574,0,0.187998763804729,0.178392583454913,0.00147343430287267,-0.0905919844628514,0.0540337991296461,2,4,1.55479924301126,0.620037807183365,"Connector"
"tp53",15,0,15,0.00952380952380952,0.00730538405128572,0.0336322869955157,0,0.0336322869955157,0,0.280838402193378,0.136911440679937,0.00147343430287267,-0.0905919844628514,0.0540337991296461,2,2,-0.171439908726607,0.675555555555556,"Connector"
"her6",8,0,8,0.0357142857142857,0.028271251167891,0.0179372197309417,0,0.0179372197309417,0,2.31516398388108,0.0632772156983689,0.00147343430287267,-0.0905919844628514,0.0540337991296461,2,4,-0.308137217601325,0.6875,"Connector"
"mafbb",8,0,8,0,0,0.0179372197309417,0,0.0179372197309417,0,1.01201388603684,0.0184743022757196,0.00147343430287267,-0.0905919844628514,0.0540337991296461,8,1,0.160739300664173,0.53125,"Peripheral"
"twist1a",11,5,6,0.109090909090909,0.0870745588794697,0.0246636771300448,0.0112107623318386,0.0134529147982063,95,6.75509869952392,0.0416317467082739,0.00193728694729746,-0.0905919844628514,0.0540337991296461,4,0,0.312089933870165,0.611570247933884,"Peripheral"
"sox21a",37,4,33,0.0777777777777778,0.0741964922243857,0.0829596412556054,0.00896860986547085,0.0739910313901345,640,0.357779591732234,0.628192160202133,0.00174466997482606,-0.0905919844628514,0.0540337991296461,2,2,1.28160323376744,0.625,"Connector"
"foxa1",4,0,4,0.166666666666667,0.0971705706385937,0.00896860986547085,0,0.00896860986547085,0,0.264794324989247,0.0258993735977236,0.00147343430287267,-0.0905919844628514,0.0540337991296461,5,1,-0.289330741195512,0.375,"Peripheral"
"myog",19,0,19,0.0116959064327485,0.00782622458530564,0.0426008968609865,0,0.0426008968609865,0,0.762951253746619,0.0759782340916953,0.00147343430287267,-0.0905919844628514,0.0540337991296461,1,0,1.63847215281835,0.554016620498615,"Peripheral"
"sox11a",39,19,20,0.0647773279352227,0.0635016484847769,0.0874439461883408,0.0426008968609865,0.0448430493273543,1711,0.379820359433547,0.259601603269378,0.0050143128682328,-0.0905919844628514,0.0540337991296461,2,2,1.40269016230861,0.631163708086785,"Connector"
"irx7",17,0,17,0.00735294117647059,0.00699515677573029,0.0381165919282511,0,0.0381165919282511,0,0.0816271798655263,0.0634587972395963,0.00147343430287267,-0.0905919844628514,0.0540337991296461,2,1,1.28591440531338,0.55363321799308,"Peripheral"
"nr2f1b",39,0,39,0.0323886639676113,0.0307616554231766,0.0874439461883408,0,0.0874439461883408,0,0.152104806134388,0.226863686450616,0.00147343430287267,-0.0905919844628514,0.0540337991296461,1,0,4.0701728875567,0.589086127547666,"Connector Hub"
"nr5a2",8,0,8,0,0,0.0179372197309417,0,0.0179372197309417,0,0.129622359356335,0.0377410998433526,0.00147343430287267,-0.0905919844628514,0.0540337991296461,1,0,0.0910262307121335,0.5625,"Peripheral"
"sox11b",34,3,31,0.053030303030303,0.0566402568616779,0.0762331838565022,0.00672645739910314,0.0695067264573991,1074,0.359029326088007,0.448608604579527,0.00164632335415977,-0.0905919844628514,0.0540337991296461,2,2,1.88703787647329,0.429752066115703,"Peripheral"
"foxp1b",19,0,19,0,0,0.0426008968609865,0,0.0426008968609865,0,2.6911750036604,0.0537883016613619,0.00147343430287267,-0.0905919844628514,0.0540337991296461,4,0,1.63847215281835,0.542936288088643,"Peripheral"
"pax6b",28,0,28,0.0423280423280423,0.0506866289671712,0.062780269058296,0,0.062780269058296,0,0.26972650247961,0.286160340880548,0.00147343430287267,-0.0905919844628514,0.0540337991296461,2,0,1.19634474650229,0.701530612244898,"Connector"
"gata1a",7,2,5,0,0,0.015695067264574,0.00448430493273543,0.0112107623318386,10,7.72271391797849,0.0213604632317422,0.0022448163794693,-0.0905919844628514,0.0540337991296461,8,1,0.610809342523858,0,"Ultra peripheral"
"foxd1",15,0,15,0.00952380952380952,0.00800097698898115,0.0336322869955157,0,0.0336322869955157,0,2.44368738086215,0.0696168729378295,0.00147343430287267,-0.0905919844628514,0.0540337991296461,2,1,1.28591440531338,0.515555555555556,"Peripheral"
"fli1b",11,0,11,0.0727272727272727,0.0581708487102239,0.0246636771300448,0,0.0246636771300448,0,0.142731548239706,0.123013624700589,0.00147343430287267,-0.0905919844628514,0.0540337991296461,2,1,-0.289330741195512,0.743801652892562,"Connector"
"dlx4b",19,0,19,0.0584795321637427,0.0659256841156687,0.0426008968609865,0,0.0426008968609865,0,0.299237808564968,0.357334708515803,0.00147343430287267,-0.0905919844628514,0.0540337991296461,2,2,0.676168591061584,0.421052631578947,"Peripheral"
"klf7b",16,0,16,0.025,0.019533536276612,0.0358744394618834,0,0.0358744394618834,0,0.912411294478648,0.0466310508004724,0.00147343430287267,-0.0905919844628514,0.0540337991296461,1,0,1.19634474650229,0.5390625,"Peripheral"
"meox1",18,0,18,0,0,0.0403587443946188,0,0.0403587443946188,0,3.24842501493731,0.114408715528044,0.00147343430287267,-0.0905919844628514,0.0540337991296461,1,4,0.85619807028154,0.592592592592593,"Peripheral"
"hoxa2b",29,0,29,0.083743842364532,0.0858996385939751,0.0650224215246637,0,0.0650224215246637,0,0.375092054716976,0.465511615904318,0.00147343430287267,-0.0905919844628514,0.0540337991296461,2,2,1.16051630522627,0.544589774078478,"Peripheral"
"meis3",34,2,32,0.035650623885918,0.0408210853387135,0.0762331838565022,0.00448430493273543,0.0717488789237668,865,0.14632598914863,0.0919740384264229,0.00170505533289094,-0.0905919844628514,0.0540337991296461,1,0,4.95442770018882,0.35121107266436,"Connector Hub"
"tbx20",6,0,6,0,0,0.0134529147982063,0,0.0134529147982063,0,7.81919628639471,0.0291042172433865,0.00147343430287267,-0.0905919844628514,0.0540337991296461,2,0,-0.351101175603929,0.666666666666667,"Connector"
"hoxb3a",23,7,16,0.134199134199134,0.129548782611773,0.0515695067264574,0.015695067264574,0.0358744394618834,1937,0.131311927035532,0.13063901255369,0.00276974285719584,-0.0905919844628514,0.0540337991296461,2,0,2.08059955913441,0.549586776859504,"Peripheral"
"cebpb",2,0,2,0,0,0.00448430493273543,0,0.00448430493273543,0,18.8918034113647,0.017671441243284,0.00147343430287267,-0.0905919844628514,0.0540337991296461,1,4,-0.77387133275447,0.5,"Peripheral"
"barhl2",24,0,24,0.036231884057971,0.0391591421012327,0.0538116591928251,0,0.0538116591928251,0,0.337008765477173,0.367453867195957,0.00147343430287267,-0.0905919844628514,0.0540337991296461,2,2,0.797255519602755,0.548611111111111,"Peripheral"
"hoxb5b",25,0,25,0.0366666666666667,0.0423707668629933,0.0560538116591928,0,0.0560538116591928,0,0.33722100581978,0.325126937490606,0.00147343430287267,-0.0905919844628514,0.0540337991296461,2,2,1.0394293766851,0.4992,"Peripheral"
"eomesa",6,0,6,0.0666666666666667,0.0490768288927183,0.0134529147982063,0,0.0134529147982063,0,0.348666587969595,0.0793793857152486,0.00147343430287267,-0.0905919844628514,0.0540337991296461,5,1,-0.289330741195512,0.611111111111111,"Peripheral"
"rx1",37,0,37,0.027027027027027,0.0305863405072167,0.0829596412556054,0,0.0829596412556054,0,0.114861836005203,0.455118374802724,0.00147343430287267,-0.0905919844628514,0.0540337991296461,2,2,1.40269016230861,0.619430241051863,"Peripheral"
"gata3",5,0,5,0,0,0.0112107623318386,0,0.0112107623318386,0,9.54365792365326,0.0281987339157585,0.00147343430287267,-0.0905919844628514,0.0540337991296461,8,1,-0.06429572026567,0.32,"Peripheral"
"six3b",14,0,14,0,0,0.031390134529148,0,0.031390134529148,0,3.76522177975218,0.14748889449869,0.00147343430287267,-0.0905919844628514,0.0540337991296461,2,2,-0.0503529801854366,0.571428571428572,"Peripheral"
"sox5",5,0,5,0,0,0.0112107623318386,0,0.0112107623318386,0,0.0841026068174586,0.0244422302447016,0.00147343430287267,-0.0905919844628514,0.0540337991296461,2,0,-0.351101175603929,0.56,"Peripheral"
"rxraa",19,3,16,0.0760233918128655,0.0743345649580251,0.0426008968609865,0.00672645739910314,0.0358744394618834,378,0.146587181493322,0.103203384354654,0.00198632406198729,-0.0905919844628514,0.0540337991296461,2,0,1.41740844966032,0.60387811634349,"Peripheral"
"jun",12,0,12,0,0,0.0269058295964126,0,0.0269058295964126,0,1.11759596167875,0.0523367662626322,0.00147343430287267,-0.0905919844628514,0.0540337991296461,1,4,0.157596897551821,0.708333333333333,"Connector"
"dlx2b",8,0,8,0,0,0.0179372197309417,0,0.0179372197309417,0,6.19264085757673,0.0518876656416893,0.00147343430287267,-0.0905919844628514,0.0540337991296461,1,4,0.157596897551821,0.53125,"Peripheral"
"pknox2",22,1,21,0.019047619047619,0.0223905803321029,0.0493273542600897,0.00224215246636771,0.047085201793722,1104,0.137271890394835,0.0921979498277966,0.00216523068194328,-0.0905919844628514,0.0540337991296461,2,0,1.63847215281835,0.612244897959184,"Peripheral"
"tal1",4,0,4,0,0,0.00896860986547085,0,0.00896860986547085,0,3.74162310686194,0.0154442044485935,0.00147343430287267,-0.0905919844628514,0.0540337991296461,1,1,-0.514365762125355,0.5,"Peripheral"
"tfap2e",10,0,10,0.0888888888888889,0.0791009665590634,0.0224215246636771,0,0.0224215246636771,0,0.335056282982253,0.104910512604932,0.00147343430287267,-0.0905919844628514,0.0540337991296461,2,2,-0.292526837267777,0.56,"Peripheral"
"ascl1a",10,0,10,0,0,0.0224215246636771,0,0.0224215246636771,0,5.82437654883277,0.063607646052409,0.00147343430287267,-0.0905919844628514,0.0540337991296461,2,2,-0.292526837267777,0.58,"Peripheral"
"en2a",25,0,25,0.0733333333333333,0.0726709778626916,0.0560538116591928,0,0.0560538116591928,0,0.39448484280001,0.25643885681754,0.00147343430287267,-0.0905919844628514,0.0540337991296461,2,2,0.797255519602755,0.5568,"Peripheral"
"hoxa4a",24,1,23,0.072463768115942,0.0843470741688148,0.0538116591928251,0.00224215246636771,0.0515695067264574,327,0.138111267868068,0.292834612387899,0.00188485522536807,-0.0905919844628514,0.0540337991296461,2,2,0.433994733979244,0.663194444444444,"Connector"
"fosb",4,0,4,0,0,0.00896860986547085,0,0.00896860986547085,0,12.463043337591,0.0116009758019092,0.00147343430287267,-0.0905919844628514,0.0540337991296461,8,1,-0.514365762125355,0.625,"Connector"
"otpa",11,0,11,0,0,0.0246636771300448,0,0.0246636771300448,0,4.23049732694334,0.065565274003106,0.00147343430287267,-0.0905919844628514,0.0540337991296461,2,4,0.390463955128394,0.628099173553719,"Connector"
"meis2a",23,0,23,0.0553359683794466,0.0523109777108467,0.0515695067264574,0,0.0515695067264574,0,0.163015140187314,0.0920255435011855,0.00147343430287267,-0.0905919844628514,0.0540337991296461,1,0,2.52272696545048,0.48015122873346,"Connector Hub"
"tbx21",5,0,5,0,0,0.0112107623318386,0,0.0112107623318386,0,9.39302877395624,0.02516239700213,0.00147343430287267,-0.0905919844628514,0.0540337991296461,1,4,-0.541004275177898,0.64,"Connector"
"tfap2a",10,0,10,0,0,0.0224215246636771,0,0.0224215246636771,0,5.27909690531473,0.068043594187,0.00147343430287267,-0.0905919844628514,0.0540337991296461,2,4,0.157596897551821,0.64,"Connector"
"klf17",16,0,16,0,0,0.0358744394618834,0,0.0358744394618834,0,3.61976524233327,0.0931621060385673,0.00147343430287267,-0.0905919844628514,0.0540337991296461,2,4,0.623331012704967,0.6953125,"Connector"
"hoxa9a",5,0,5,0,0,0.0112107623318386,0,0.0112107623318386,0,10.3333546407106,0.0532156359179862,0.00147343430287267,-0.0905919844628514,0.0540337991296461,2,2,-0.655787622891288,0.56,"Peripheral"
"sox7",6,0,6,0,0,0.0134529147982063,0,0.0134529147982063,0,0.0829022719684112,0.0544234213529824,0.00147343430287267,-0.0905919844628514,0.0540337991296461,2,1,-0.06429572026567,0.444444444444444,"Peripheral"
"raraa",27,2,25,0.0676923076923077,0.0736731114280851,0.0605381165919283,0.00448430493273543,0.0560538116591928,1773,0.16831531333739,0.122906997393197,0.00163329267292633,-0.0905919844628514,0.0540337991296461,2,0,2.74379066860851,0.523668639053255,"Connector Hub"
"phox2bb",22,0,22,0.0822510822510823,0.081440723584374,0.0493273542600897,0,0.0493273542600897,0,0.377815608672968,0.298236981809671,0.00147343430287267,-0.0905919844628514,0.0540337991296461,2,2,0.797255519602755,0.5,"Peripheral"
"sox1b",20,0,20,0,0,0.0448430493273543,0,0.0448430493273543,0,2.81374685740352,0.183238264462471,0.00147343430287267,-0.0905919844628514,0.0540337991296461,2,1,1.28591440531338,0.635,"Connector"
"im:7142702",3,0,3,0,0,0.00672645739910314,0,0.00672645739910314,0,0.279812403199179,0.0224080182991166,0.00147343430287267,-0.0905919844628514,0.0540337991296461,1,1,-0.739400783055197,0.666666666666667,"Connector"
"mnx2b",11,0,11,0.127272727272727,0.117956040966531,0.0246636771300448,0,0.0246636771300448,0,0.284296619340313,0.0482601092757499,0.00147343430287267,-0.0905919844628514,0.0540337991296461,2,2,0.191820876896904,0.165289256198347,"Peripheral"
"neurod4",4,0,4,0,0,0.00896860986547085,0,0.00896860986547085,0,10.9955314599968,0.0116815602446726,0.00147343430287267,-0.0905919844628514,0.0540337991296461,9,0,-0.351101175603929,0.375,"Peripheral"
"pbx3b",5,0,5,0.2,0.162332394413164,0.0112107623318386,0,0.0112107623318386,0,1.82603669930759,0.021446065983131,0.00147343430287267,-0.0905919844628514,0.0540337991296461,1,0,-0.130037472445898,0.32,"Peripheral"
"myod1",7,0,7,0,0,0.015695067264574,0,0.015695067264574,0,7.30708398592443,0.0189417559489047,0.00147343430287267,-0.0905919844628514,0.0540337991296461,1,0,0.533153637028196,0,"Ultra peripheral"
"foxg1d",14,0,14,0,0,0.031390134529148,0,0.031390134529148,0,3.90091635021653,0.0807263129207018,0.00147343430287267,-0.0905919844628514,0.0540337991296461,2,1,1.06087938438354,0.520408163265306,"Peripheral"
"fli1a",11,0,11,0.0181818181818182,0.0208281878425977,0.0246636771300448,0,0.0246636771300448,0,0.0772488042071279,0.058806345451688,0.00147343430287267,-0.0905919844628514,0.0540337991296461,2,4,0.390463955128394,0.59504132231405,"Peripheral"
"foxd3",18,0,18,0,0,0.0403587443946188,0,0.0403587443946188,0,2.80803275115303,0.15871804695132,0.00147343430287267,-0.0905919844628514,0.0540337991296461,2,1,0.385774321594015,0.660493827160494,"Connector"
"etv4",16,0,16,0.025,0.0223011101438367,0.0358744394618834,0,0.0358744394618834,0,0.296944978893523,0.115047265647382,0.00147343430287267,-0.0905919844628514,0.0540337991296461,2,4,0.390463955128394,0.7109375,"Connector"
"foxp2",3,0,3,0,0,0.00672645739910314,0,0.00672645739910314,0,14.5783879189482,0.030874994790462,0.00147343430287267,-0.0905919844628514,0.0540337991296461,5,1,-0.289330741195512,0,"Ultra peripheral"
"lhx9",14,0,14,0.032967032967033,0.030949620262658,0.031390134529148,0,0.031390134529148,0,0.343406058544582,0.126698944131613,0.00147343430287267,-0.0905919844628514,0.0540337991296461,2,2,-0.0503529801854366,0.540816326530612,"Peripheral"
"hmx3a",6,0,6,0,0,0.0134529147982063,0,0.0134529147982063,0,9.97506731923557,0.0324865057233013,0.00147343430287267,-0.0905919844628514,0.0540337991296461,2,4,-0.0752701600247516,0.5,"Peripheral"
"gsx1",19,0,19,0.105263157894737,0.114869615537347,0.0426008968609865,0,0.0426008968609865,0,0.383860002314146,0.244842679965102,0.00147343430287267,-0.0905919844628514,0.0540337991296461,2,2,0.433994733979244,0.554016620498615,"Peripheral"
"gfi1b",1,0,1,0,0,0.00224215246636771,0,0.00224215246636771,0,33.3041533443116,0.00933953099440473,0.00147343430287267,-0.0905919844628514,0.0540337991296461,2,1,-0.739400783055197,0,"Ultra peripheral"
"bhlhe22",4,0,4,0,0,0.00896860986547085,0,0.00896860986547085,0,3.55951832775965,0.049202436850358,0.00147343430287267,-0.0905919844628514,0.0540337991296461,2,2,-0.776874551432458,0.625,"Connector"
"nkx2.2b",11,0,11,0.163636363636364,0.182517818631318,0.0246636771300448,0,0.0246636771300448,0,0.382166355675132,0.110935928967628,0.00147343430287267,-0.0905919844628514,0.0540337991296461,2,2,0.0707339483557336,0.297520661157025,"Peripheral"
"nfia",4,0,4,0,0,0.00896860986547085,0,0.00896860986547085,0,12.3413555764711,0.0115182604139277,0.00147343430287267,-0.0905919844628514,0.0540337991296461,8,4,-0.541004275177898,0.625,"Connector"
"pbx1a",4,0,4,0.166666666666667,0.201244328631035,0.00896860986547085,0,0.00896860986547085,0,0.113376778489845,0.00816794729100801,0.00147343430287267,-0.0905919844628514,0.0540337991296461,1,0,-0.130037472445898,0,"Ultra peripheral"
"FQ377628.1",8,0,8,0,0,0.0179372197309417,0,0.0179372197309417,0,7.60567478562055,0.0674041484265302,0.00147343430287267,-0.0905919844628514,0.0540337991296461,2,1,0.385774321594015,0.40625,"Peripheral"
"thrab",13,0,13,0.0128205128205128,0.010762582721768,0.0291479820627803,0,0.0291479820627803,0,0.272563116547914,0.058965314830198,0.00147343430287267,-0.0905919844628514,0.0540337991296461,2,1,0.610809342523858,0.627218934911243,"Connector"
"pax7a",9,4,5,0.111111111111111,0.128457708717737,0.0201793721973094,0.00896860986547085,0.0112107623318386,17,10.7420014976284,0.0372092648839819,0.00184262560052921,-0.0905919844628514,0.0540337991296461,1,1,0.385774321594015,0.518518518518518,"Peripheral"
"pax6a",24,8,16,0.072463768115942,0.0848315578895228,0.0538116591928251,0.0179372197309417,0.0358744394618834,260,3.23073050698486,0.101331846510819,0.00262461727254368,-0.0905919844628514,0.0540337991296461,2,0,2.30166326229244,0.552083333333333,"Peripheral"
"mef2d",9,3,6,0.0833333333333333,0.0875056404839998,0.0201793721973094,0.00672645739910314,0.0134529147982063,52,1.82314423281171,0.0183943905783415,0.00166076586206641,-0.0905919844628514,0.0540337991296461,1,0,0.312089933870165,0.493827160493827,"Peripheral"
"irx4b",15,0,15,0,0,0.0336322869955157,0,0.0336322869955157,0,0.0867421389801232,0.109010894579456,0.00147343430287267,-0.0905919844628514,0.0540337991296461,1,0,0.0910262307121335,0.693333333333333,"Connector"
"otpb",9,0,9,0.0555555555555556,0.0511257474523685,0.0201793721973094,0,0.0201793721973094,0,0.277406715934592,0.0619058624072137,0.00147343430287267,-0.0905919844628514,0.0540337991296461,2,4,-0.0752701600247516,0.666666666666667,"Connector"
"twist1b",4,0,4,0,0,0.00896860986547085,0,0.00896860986547085,0,14.5442755600335,0.00483945377132641,0.00147343430287267,-0.0905919844628514,0.0540337991296461,4,0,-0.57216487876196,0.625,"Connector"
"prox1a",3,0,3,0,0,0.00672645739910314,0,0.00672645739910314,0,0.217488726626272,0.0169142820519989,0.00147343430287267,-0.0905919844628514,0.0540337991296461,2,2,-0.776874551432458,0.444444444444444,"Peripheral"
"vsx1",3,0,3,0,0,0.00672645739910314,0,0.00672645739910314,0,15.3451363620991,0.0307160491942945,0.00147343430287267,-0.0905919844628514,0.0540337991296461,2,4,-0.77387133275447,0.666666666666667,"Connector"
"pax3a",20,14,6,0.0578947368421053,0.0615339010364436,0.0448430493273543,0.031390134529148,0.0134529147982063,1558,0.111193975177955,0.0640326454866262,0.00392077489356355,-0.0905919844628514,0.0540337991296461,1,0,2.08059955913441,0.465,"Peripheral"
"hoxc3a",13,8,5,0.153846153846154,0.169755773406997,0.0291479820627803,0.0179372197309417,0.0112107623318386,593,0.119817854187305,0.0628283362143062,0.0028776154775202,-0.0905919844628514,0.0540337991296461,2,0,0.312089933870165,0.686390532544379,"Connector"
"en2b",19,1,18,0.0409356725146199,0.0416467180185116,0.0426008968609865,0.00224215246636771,0.0403587443946188,10,3.40039479739732,0.102309618724306,0.00152284969162387,-0.0905919844628514,0.0540337991296461,2,4,0.85619807028154,0.653739612188366,"Connector"
"gsx2",8,0,8,0,0,0.0179372197309417,0,0.0179372197309417,0,6.94540300652328,0.0721181954010994,0.00147343430287267,-0.0905919844628514,0.0540337991296461,2,4,-0.0752701600247516,0.59375,"Peripheral"
"her9",12,5,7,0.0757575757575758,0.0877139352038753,0.0269058295964126,0.0112107623318386,0.015695067264574,28,8.43235507628597,0.0608738915518205,0.00189943714426369,-0.0905919844628514,0.0540337991296461,2,4,0.157596897551821,0.708333333333333,"Connector"
"emx2",18,0,18,0.0522875816993464,0.0521565656151554,0.0403587443946188,0,0.0403587443946188,0,0.393445335737059,0.2312838970451,0.00147343430287267,-0.0905919844628514,0.0540337991296461,2,2,0.433994733979244,0.5,"Peripheral"
"barhl1b",13,0,13,0.0769230769230769,0.0673864873329334,0.0291479820627803,0,0.0291479820627803,0,0.400862523866729,0.17098261958971,0.00147343430287267,-0.0905919844628514,0.0540337991296461,2,2,0.0707339483557336,0.473372781065089,"Peripheral"
"fosab",8,0,8,0,0,0.0179372197309417,0,0.0179372197309417,0,7.2290202482833,0.0408063950687402,0.00147343430287267,-0.0905919844628514,0.0540337991296461,8,1,0.160739300664173,0.53125,"Peripheral"
"hmx4",9,0,9,0,0,0.0201793721973094,0,0.0201793721973094,0,6.70080898598856,0.0724722412748514,0.00147343430287267,-0.0905919844628514,0.0540337991296461,2,1,-0.289330741195512,0.666666666666667,"Connector"
"nr5a1b",8,0,8,0,0,0.0179372197309417,0,0.0179372197309417,0,7.6704979589476,0.0570433525898633,0.00147343430287267,-0.0905919844628514,0.0540337991296461,2,2,-0.534700694350118,0.65625,"Connector"
"emx1",9,0,9,0,0,0.0201793721973094,0,0.0201793721973094,0,6.41082771363381,0.0770043643743829,0.00147343430287267,-0.0905919844628514,0.0540337991296461,2,1,0.160739300664173,0.592592592592593,"Peripheral"
"twist2",6,0,6,0,0,0.0134529147982063,0,0.0134529147982063,0,8.56783945452198,0.0334740317674656,0.00147343430287267,-0.0905919844628514,0.0540337991296461,2,1,-0.289330741195512,0.611111111111111,"Peripheral"
"hoxc13b",3,0,3,0,0,0.00672645739910314,0,0.00672645739910314,0,17.461883153739,0.0214918104420471,0.00147343430287267,-0.0905919844628514,0.0540337991296461,8,2,-0.776874551432458,0.444444444444444,"Peripheral"
"lhx2b",8,0,8,0,0,0.0179372197309417,0,0.0179372197309417,0,7.4639666374425,0.0512940259361973,0.00147343430287267,-0.0905919844628514,0.0540337991296461,2,4,0.390463955128394,0.40625,"Peripheral"
"lin28a",2,0,2,0,0,0.00448430493273543,0,0.00448430493273543,0,20.8803689744945,0.0194518401656931,0.00147343430287267,-0.0905919844628514,0.0540337991296461,2,4,-0.77387133275447,0.5,"Peripheral"
"foxg1a",20,0,20,0.0315789473684211,0.0273199040287438,0.0448430493273543,0,0.0448430493273543,0,0.368265887676289,0.149422131073406,0.00147343430287267,-0.0905919844628514,0.0540337991296461,2,1,1.96101946810291,0.485,"Peripheral"
"barx1",11,0,11,0,0,0.0246636771300448,0,0.0246636771300448,0,5.53384209651401,0.0891755945514773,0.00147343430287267,-0.0905919844628514,0.0540337991296461,2,2,-0.292526837267777,0.611570247933884,"Peripheral"
"sox18",9,0,9,0,0,0.0201793721973094,0,0.0201793721973094,0,6.37065894659171,0.104875540833805,0.00147343430287267,-0.0905919844628514,0.0540337991296461,2,1,-0.289330741195512,0.666666666666667,"Connector"
"tbx2b",5,0,5,0,0,0.0112107623318386,0,0.0112107623318386,0,10.3449024618975,0.0235076107485999,0.00147343430287267,-0.0905919844628514,0.0540337991296461,1,0,-0.130037472445898,0.32,"Peripheral"
"gfi1aa",3,0,3,0,0,0.00672645739910314,0,0.00672645739910314,0,16.4982580850394,0.0194279137946598,0.00147343430287267,-0.0905919844628514,0.0540337991296461,1,4,-0.77387133275447,0.666666666666667,"Connector"
"creb5b",1,0,1,0,0,0.00224215246636771,0,0.00224215246636771,0,40.7767314921553,0.00242037497688304,0.00147343430287267,-0.0905919844628514,0.0540337991296461,1,4,-0.77387133275447,0,"Ultra peripheral"
"nkx2.3",1,0,1,0,0,0.00224215246636771,0,0.00224215246636771,0,40.8182741454071,0.014081733525094,0.00147343430287267,-0.0905919844628514,0.0540337991296461,2,4,-0.77387133275447,0,"Ultra peripheral"
"klf3",8,0,8,0,0,0.0179372197309417,0,0.0179372197309417,0,4.11930395676157,0.0184409737859402,0.00147343430287267,-0.0905919844628514,0.0540337991296461,1,0,0.312089933870165,0.40625,"Peripheral"
"fosl2",3,0,3,0,0,0.00672645739910314,0,0.00672645739910314,0,16.7833447591547,0.0258134514272548,0.00147343430287267,-0.0905919844628514,0.0540337991296461,1,1,-0.739400783055197,0.666666666666667,"Connector"
"phox2a",16,0,16,0.05,0.0477079393435689,0.0358744394618834,0,0.0358744394618834,0,0.392870523143203,0.179264372346159,0.00147343430287267,-0.0905919844628514,0.0540337991296461,2,2,0.191820876896904,0.5390625,"Peripheral"
"rorb",9,0,9,0,0,0.0201793721973094,0,0.0201793721973094,0,6.78680625860271,0.0290949718206406,0.00147343430287267,-0.0905919844628514,0.0540337991296461,2,1,0.160739300664173,0.617283950617284,"Peripheral"
"hoxb6b",13,0,13,0.0384615384615385,0.0453732566456165,0.0291479820627803,0,0.0291479820627803,0,0.114716052730992,0.079421754886996,0.00147343430287267,-0.0905919844628514,0.0540337991296461,2,0,0.0910262307121335,0.72189349112426,"Connector"
"nr5a1a",4,0,4,0,0,0.00896860986547085,0,0.00896860986547085,0,14.5802229161534,0.0213190025116516,0.00147343430287267,-0.0905919844628514,0.0540337991296461,1,4,-0.77387133275447,0.75,"Connector"
"ptf1a",4,0,4,0,0,0.00896860986547085,0,0.00896860986547085,0,14.2878719584925,0.026171242529179,0.00147343430287267,-0.0905919844628514,0.0540337991296461,1,0,-0.57216487876196,0.625,"Connector"
"dbx1a",6,0,6,0,0,0.0134529147982063,0,0.0134529147982063,0,9.50563971980985,0.0662138078672578,0.00147343430287267,-0.0905919844628514,0.0540337991296461,2,2,-0.534700694350118,0.444444444444444,"Peripheral"
"zic3",5,0,5,0,0,0.0112107623318386,0,0.0112107623318386,0,0.0898345323290164,0.0136022507066499,0.00147343430287267,-0.0905919844628514,0.0540337991296461,2,4,-0.308137217601325,0.48,"Peripheral"
"tbr1a",6,0,6,0,0,0.0134529147982063,0,0.0134529147982063,0,10.3440735745817,0.0422472930804989,0.00147343430287267,-0.0905919844628514,0.0540337991296461,2,1,-0.514365762125355,0.722222222222222,"Connector"
"mef2aa",3,0,3,0.333333333333333,0.289851522477405,0.00672645739910314,0,0.00672645739910314,0,0.0860587681863191,0.0104309718889374,0.00147343430287267,-0.0905919844628514,0.0540337991296461,1,0,-0.57216487876196,0.444444444444444,"Peripheral"
"atf3",2,0,2,0,0,0.00448430493273543,0,0.00448430493273543,0,27.2147699564071,0.00794513111082749,0.00147343430287267,-0.0905919844628514,0.0540337991296461,8,1,-0.739400783055197,0.5,"Peripheral"
"atoh1a",6,0,6,0,0,0.0134529147982063,0,0.0134529147982063,0,10.7220210014584,0.044016006769976,0.00147343430287267,-0.0905919844628514,0.0540337991296461,2,2,-0.534700694350118,0.444444444444444,"Peripheral"
"tcf7l2",7,3,4,0.19047619047619,0.189844903276553,0.015695067264574,0.00672645739910314,0.00896860986547085,362,0.286993347621196,0.02917953873916,0.0017093928249046,-0.0905919844628514,0.0540337991296461,1,0,-0.130037472445898,0.571428571428571,"Peripheral"
"crx",2,0,2,0,0,0.00448430493273543,0,0.00448430493273543,0,25.8529956783875,0.0209035674956228,0.00147343430287267,-0.0905919844628514,0.0540337991296461,2,4,-0.541004275177898,0,"Ultra peripheral"
"foxi3a",4,0,4,0,0,0.00896860986547085,0,0.00896860986547085,0,14.2513831109823,0.0355095987224083,0.00147343430287267,-0.0905919844628514,0.0540337991296461,8,1,-0.514365762125355,0.5,"Peripheral"
"en1b",9,0,9,0,0,0.0201793721973094,0,0.0201793721973094,0,6.97206928387876,0.060097050170412,0.00147343430287267,-0.0905919844628514,0.0540337991296461,2,1,-0.06429572026567,0.641975308641975,"Connector"
"rx3",14,0,14,0.0769230769230769,0.0821943326443502,0.031390134529148,0,0.031390134529148,0,0.377229966537052,0.165952605736546,0.00147343430287267,-0.0905919844628514,0.0540337991296461,2,2,0.0707339483557336,0.540816326530612,"Peripheral"
"barhl1a",10,0,10,0,0,0.0224215246636771,0,0.0224215246636771,0,6.78752598790981,0.0943614901290244,0.00147343430287267,-0.0905919844628514,0.0540337991296461,2,1,-0.06429572026567,0.66,"Connector"
"cebpa",6,0,6,0,0,0.0134529147982063,0,0.0134529147982063,0,9.12460459666557,0.0454010623968918,0.00147343430287267,-0.0905919844628514,0.0540337991296461,1,0,-0.351101175603929,0.666666666666667,"Connector"
"nfixa",2,0,2,0,0,0.00448430493273543,0,0.00448430493273543,0,25.9535543496496,0.00286955878164143,0.00147343430287267,-0.0905919844628514,0.0540337991296461,8,1,-0.514365762125355,0,"Ultra peripheral"
"hoxa11b",3,0,3,0,0,0.00672645739910314,0,0.00672645739910314,0,20.349474964214,0.0290636283073971,0.00147343430287267,-0.0905919844628514,0.0540337991296461,2,4,-0.541004275177898,0.444444444444444,"Peripheral"
"foxi2",3,0,3,0,0,0.00672645739910314,0,0.00672645739910314,0,16.9485510124437,0.0130596168438359,0.00147343430287267,-0.0905919844628514,0.0540337991296461,8,1,-0.289330741195512,0,"Ultra peripheral"
"sox10",8,0,8,0,0,0.0179372197309417,0,0.0179372197309417,0,7.67944568409471,0.0537063344502151,0.00147343430287267,-0.0905919844628514,0.0540337991296461,2,1,-0.06429572026567,0.625,"Connector"
"tbx5b",4,0,4,0,0,0.00896860986547085,0,0.00896860986547085,0,13.6144060129276,0.0276766864251608,0.00147343430287267,-0.0905919844628514,0.0540337991296461,1,0,-0.351101175603929,0.375,"Peripheral"
"lmx1ba",6,0,6,0,0,0.0134529147982063,0,0.0134529147982063,0,11.7345653062296,0.0247765848589153,0.00147343430287267,-0.0905919844628514,0.0540337991296461,2,4,-0.308137217601325,0.611111111111111,"Peripheral"
"tfap2b",5,0,5,0.1,0.0921810781357127,0.0112107623318386,0,0.0112107623318386,0,0.119926711143824,0.0224436991668553,0.00147343430287267,-0.0905919844628514,0.0540337991296461,2,4,-0.308137217601325,0.48,"Peripheral"
"tbx3a",5,0,5,0,0,0.0112107623318386,0,0.0112107623318386,0,12.0456496877172,0.0452211262637944,0.00147343430287267,-0.0905919844628514,0.0540337991296461,2,1,-0.289330741195512,0.48,"Peripheral"
"pax7b",3,2,1,0.333333333333333,0.324111434738684,0.00672645739910314,0.00448430493273543,0.00224215246636771,0,44.7481811766151,0.011818268569381,0.00280696641112239,-0.0905919844628514,0.0540337991296461,1,1,-0.514365762125355,0.444444444444444,"Peripheral"
"arxb",13,0,13,0.0769230769230769,0.0772295889857127,0.0291479820627803,0,0.0291479820627803,0,0.380119859884574,0.165391253913483,0.00147343430287267,-0.0905919844628514,0.0540337991296461,2,2,0.191820876896904,0.378698224852071,"Peripheral"
"egr2b",9,0,9,0.0833333333333333,0.0764497530793503,0.0201793721973094,0,0.0201793721973094,0,0.128872736456358,0.0558246663697875,0.00147343430287267,-0.0905919844628514,0.0540337991296461,2,0,-0.351101175603929,0.716049382716049,"Connector"
"lbx1b",14,0,14,0,0,0.031390134529148,0,0.031390134529148,0,2.37069639275287,0.0749454481623602,0.00147343430287267,-0.0905919844628514,0.0540337991296461,2,4,1.32193218543469,0.438775510204082,"Peripheral"
"lhx1a",7,0,7,0.142857142857143,0.125445786354443,0.015695067264574,0,0.015695067264574,0,0.38227315815991,0.0946758286569138,0.00147343430287267,-0.0905919844628514,0.0540337991296461,2,2,-0.413613765808947,0.448979591836735,"Peripheral"
"lhx5",10,0,10,0,0,0.0224215246636771,0,0.0224215246636771,0,6.39182496836158,0.0783877141658206,0.00147343430287267,-0.0905919844628514,0.0540337991296461,2,2,-0.171439908726607,0.42,"Peripheral"
"dlx6a",5,0,5,0,0,0.0112107623318386,0,0.0112107623318386,0,12.3543002548736,0.0337544865413294,0.00147343430287267,-0.0905919844628514,0.0540337991296461,2,4,-0.308137217601325,0.56,"Peripheral"
"lhx4",8,0,8,0,0,0.0179372197309417,0,0.0179372197309417,0,6.98460739207542,0.0464174998811509,0.00147343430287267,-0.0905919844628514,0.0540337991296461,2,4,0.390463955128394,0.40625,"Peripheral"
"shox",7,0,7,0,0,0.015695067264574,0,0.015695067264574,0,0.0904069365562133,0.0355227720185416,0.00147343430287267,-0.0905919844628514,0.0540337991296461,2,1,-0.289330741195512,0.653061224489796,"Connector"
"lmx1al",1,0,1,0,0,0.00224215246636771,0,0.00224215246636771,0,46.3540027376673,0.0137037149764785,0.00147343430287267,-0.0905919844628514,0.0540337991296461,2,4,-0.77387133275447,0,"Ultra peripheral"
"tlx3b",6,0,6,0,0,0.0134529147982063,0,0.0134529147982063,0,10.1166728565529,0.0309504419260486,0.00147343430287267,-0.0905919844628514,0.0540337991296461,1,0,-0.351101175603929,0.611111111111111,"Peripheral"
"foxf2a",6,0,6,0,0,0.0134529147982063,0,0.0134529147982063,0,9.64745637818185,0.0617754331441624,0.00147343430287267,-0.0905919844628514,0.0540337991296461,2,1,-0.289330741195512,0.611111111111111,"Peripheral"
"nkx2.5",5,0,5,0.3,0.29131087201677,0.0112107623318386,0,0.0112107623318386,0,0.37269645605314,0.0663688881124691,0.00147343430287267,-0.0905919844628514,0.0540337991296461,2,2,-0.413613765808947,0,"Ultra peripheral"
"nr2e1",10,0,10,0.0666666666666667,0.0666638823196711,0.0224215246636771,0,0.0224215246636771,0,0.373674731735733,0.0872468995953827,0.00147343430287267,-0.0905919844628514,0.0540337991296461,2,0,-0.130037472445898,0.7,"Connector"
"emx3",10,0,10,0,0,0.0224215246636771,0,0.0224215246636771,0,5.74498010891121,0.0758467999102191,0.00147343430287267,-0.0905919844628514,0.0540337991296461,2,4,0.390463955128394,0.54,"Peripheral"
"hand2",3,2,1,0,0,0.00672645739910314,0.00448430493273543,0.00224215246636771,35,48.0997126282667,0.0181628788255802,0.00158298656826545,-0.0905919844628514,0.0540337991296461,1,0,-0.351101175603929,0,"Ultra peripheral"
"dlx2a",11,0,11,0,0,0.0246636771300448,0,0.0246636771300448,0,5.48182829970343,0.080627386449658,0.00147343430287267,-0.0905919844628514,0.0540337991296461,2,4,-0.0752701600247516,0.694214876033058,"Connector"
"zgc:101100",3,0,3,0,0,0.00672645739910314,0,0.00672645739910314,0,18.5577592441023,0.0279284219565412,0.00147343430287267,-0.0905919844628514,0.0540337991296461,2,1,-0.739400783055197,0.666666666666667,"Connector"
"vax2",12,0,12,0,0,0.0269058295964126,0,0.0269058295964126,0,5.53502174725267,0.0661168961440992,0.00147343430287267,-0.0905919844628514,0.0540337991296461,2,4,0.390463955128394,0.625,"Connector"
"lmx1bb",12,1,11,0.0303030303030303,0.0319545693580817,0.0269058295964126,0.00224215246636771,0.0246636771300448,77,5.66636128190296,0.105856429206569,0.00155554569621238,-0.0905919844628514,0.0540337991296461,2,2,-0.171439908726607,0.541666666666667,"Peripheral"
"dlx1a",5,0,5,0,0,0.0112107623318386,0,0.0112107623318386,0,11.0139625765817,0.0362371065042721,0.00147343430287267,-0.0905919844628514,0.0540337991296461,2,4,-0.308137217601325,0.56,"Peripheral"
"egr3",4,0,4,0,0,0.00896860986547085,0,0.00896860986547085,0,16.1443245789334,0.01746481527913,0.00147343430287267,-0.0905919844628514,0.0540337991296461,2,4,-0.541004275177898,0.625,"Connector"
"hoxc6b",11,0,11,0.0181818181818182,0.019095059853279,0.0246636771300448,0,0.0246636771300448,0,0.0968090001782395,0.0406170988018343,0.00147343430287267,-0.0905919844628514,0.0540337991296461,6,4,0.623331012704967,0.545454545454545,"Peripheral"
"ebf3a",12,9,3,0.0181818181818182,0.0210160457759999,0.0269058295964126,0.0201793721973094,0.00672645739910314,989,0.104537365983155,0.0314030878944924,0.00274622561159539,-0.0905919844628514,0.0540337991296461,2,4,0.390463955128394,0.628099173553719,"Connector"
"hoxb9a",4,0,4,0,0,0.00896860986547085,0,0.00896860986547085,0,16.0255817001704,0.0276895062611705,0.00147343430287267,-0.0905919844628514,0.0540337991296461,2,4,-0.308137217601325,0.375,"Peripheral"
"nkx2.4b",4,0,4,0,0,0.00896860986547085,0,0.00896860986547085,0,15.1957155740722,0.0277144705209475,0.00147343430287267,-0.0905919844628514,0.0540337991296461,2,2,-0.655787622891288,0.375,"Peripheral"
"neurod1",1,0,1,0,0,0.00224215246636771,0,0.00224215246636771,0,50.2522966807154,0.00508682443667539,0.00147343430287267,-0.0905919844628514,0.0540337991296461,2,1,-0.739400783055197,0,"Ultra peripheral"
"nhlh2",7,0,7,0,0,0.015695067264574,0,0.015695067264574,0,9.13374469283764,0.0361464453179005,0.00147343430287267,-0.0905919844628514,0.0540337991296461,1,0,0.0910262307121335,0.448979591836735,"Peripheral"
"mef2cb",5,1,4,0,0,0.0112107623318386,0.00224215246636771,0.00896860986547085,125,0.0879841096970882,0.00584757635867032,0.00167256076351718,-0.0905919844628514,0.0540337991296461,1,0,-0.351101175603929,0.56,"Peripheral"
"mitfa",2,0,2,0,0,0.00448430493273543,0,0.00448430493273543,0,31.654259515864,0.00974413733715732,0.00147343430287267,-0.0905919844628514,0.0540337991296461,2,4,-0.77387133275447,0.5,"Peripheral"
"egr2a",8,0,8,0.0357142857142857,0.0288846408077429,0.0179372197309417,0,0.0179372197309417,0,0.0974264252206534,0.0534945705637112,0.00147343430287267,-0.0905919844628514,0.0540337991296461,2,4,-0.0752701600247516,0.625,"Connector"
"alx4b",2,0,2,0,0,0.00448430493273543,0,0.00448430493273543,0,30.6291396813737,0.0132648687797752,0.00147343430287267,-0.0905919844628514,0.0540337991296461,2,4,-0.77387133275447,0.5,"Peripheral"
"dlx5a",7,0,7,0.0952380952380952,0.0832375469155867,0.015695067264574,0,0.015695067264574,0,0.37594705409815,0.0955176911680895,0.00147343430287267,-0.0905919844628514,0.0540337991296461,2,2,-0.292526837267777,0.244897959183674,"Peripheral"
"shox2",7,0,7,0.142857142857143,0.155895821618459,0.015695067264574,0,0.015695067264574,0,0.254004812824518,0.0427497722339631,0.00147343430287267,-0.0905919844628514,0.0540337991296461,2,2,-0.655787622891288,0.653061224489796,"Connector"
"six4b",3,0,3,0,0,0.00672645739910314,0,0.00672645739910314,0,0.369635992229546,0.0371013040281157,0.00147343430287267,-0.0905919844628514,0.0540337991296461,8,1,-0.514365762125355,0.444444444444444,"Peripheral"
"hoxc10a",2,0,2,0,0,0.00448430493273543,0,0.00448430493273543,0,29.8623703077257,0.010757004982522,0.00147343430287267,-0.0905919844628514,0.0540337991296461,2,1,-0.514365762125355,0,"Ultra peripheral"
"etv1",6,0,6,0.133333333333333,0.11595140809028,0.0134529147982063,0,0.0134529147982063,0,0.390452368958567,0.0800684986197433,0.00147343430287267,-0.0905919844628514,0.0540337991296461,2,2,-0.655787622891288,0.611111111111111,"Peripheral"
"tfap2d",1,0,1,0,0,0.00224215246636771,0,0.00224215246636771,0,53.0582032041107,0.00481781506567715,0.00147343430287267,-0.0905919844628514,0.0540337991296461,2,1,-0.739400783055197,0,"Ultra peripheral"
"six6a",3,0,3,0,0,0.00672645739910314,0,0.00672645739910314,0,22.1765397823006,0.0333302154194051,0.00147343430287267,-0.0905919844628514,0.0540337991296461,2,2,-0.776874551432458,0.444444444444444,"Peripheral"
"dmbx1a",2,0,2,0,0,0.00448430493273543,0,0.00448430493273543,0,0.328594774014321,0.0435456733865654,0.00147343430287267,-0.0905919844628514,0.0540337991296461,2,4,-0.77387133275447,0.5,"Peripheral"
"erfl1",3,0,3,0,0,0.00672645739910314,0,0.00672645739910314,0,20.7360041458738,0.0257365878383583,0.00147343430287267,-0.0905919844628514,0.0540337991296461,2,4,-0.541004275177898,0.444444444444444,"Peripheral"
"klf7a",10,0,10,0.0222222222222222,0.0254151177280496,0.0224215246636771,0,0.0224215246636771,0,2.82281479992541,0.0578207676063155,0.00147343430287267,-0.0905919844628514,0.0540337991296461,1,0,-0.130037472445898,0.7,"Connector"
"foxo1a",1,0,1,0,0,0.00224215246636771,0,0.00224215246636771,0,54.9716044177383,0.00760282038387431,0.00147343430287267,-0.0905919844628514,0.0540337991296461,2,2,-0.897961479973628,0,"Ultra peripheral"
"mafa",3,0,3,0,0,0.00672645739910314,0,0.00672645739910314,0,22.878939034045,0.00837577988763326,0.00147343430287267,-0.0905919844628514,0.0540337991296461,2,4,-0.77387133275447,0.666666666666667,"Connector"
"pax2a",3,0,3,0,0,0.00672645739910314,0,0.00672645739910314,0,22.3806744129762,0.00927996886617385,0.00147343430287267,-0.0905919844628514,0.0540337991296461,5,1,-0.289330741195512,0,"Ultra peripheral"
"lhx8a",9,0,9,0,0,0.0201793721973094,0,0.0201793721973094,0,7.25553463700271,0.0372962838586442,0.00147343430287267,-0.0905919844628514,0.0540337991296461,2,2,-0.292526837267777,0.493827160493827,"Peripheral"
"dlx3b",7,0,7,0.0476190476190476,0.0483744434719132,0.015695067264574,0,0.015695067264574,0,0.360826515972158,0.0986986273200657,0.00147343430287267,-0.0905919844628514,0.0540337991296461,2,2,-0.292526837267777,0.244897959183674,"Peripheral"
"gata6",4,0,4,0,0,0.00896860986547085,0,0.00896860986547085,0,16.1900263544487,0.0197115402047944,0.00147343430287267,-0.0905919844628514,0.0540337991296461,1,1,-0.289330741195512,0.375,"Peripheral"
"bcl11aa",4,0,4,0.166666666666667,0.139230802229649,0.00896860986547085,0,0.00896860986547085,0,8.52732427572321,0.0104832233261889,0.00147343430287267,-0.0905919844628514,0.0540337991296461,1,0,-0.57216487876196,0.625,"Connector"
"nkx1.2lb",2,0,2,0,0,0.00448430493273543,0,0.00448430493273543,0,30.2053635482822,0.0158586189299301,0.00147343430287267,-0.0905919844628514,0.0540337991296461,2,0,-0.793228581919991,0.5,"Peripheral"
"gata5",8,0,8,0,0,0.0179372197309417,0,0.0179372197309417,0,0.116835019009505,0.0126433788963259,0.00147343430287267,-0.0905919844628514,0.0540337991296461,3,0,0.754217340186227,0,"Ultra peripheral"
"olig2",5,0,5,0.1,0.0874465251865716,0.0112107623318386,0,0.0112107623318386,0,0.359584207760771,0.0559971761973785,0.00147343430287267,-0.0905919844628514,0.0540337991296461,2,2,-0.534700694350118,0.32,"Peripheral"
"irx6a",6,0,6,0,0,0.0134529147982063,0,0.0134529147982063,0,0.0777627421502639,0.0079152206129829,0.00147343430287267,-0.0905919844628514,0.0540337991296461,1,1,-0.289330741195512,0.611111111111111,"Peripheral"
"hoxb8a",5,2,3,0.1,0.0838255480395104,0.0112107623318386,0.00448430493273543,0.00672645739910314,5,22.5691124904149,0.018313072243466,0.00191092238640166,-0.0905919844628514,0.0540337991296461,1,0,-0.351101175603929,0.56,"Peripheral"
"scrt1a",3,0,3,0,0,0.00672645739910314,0,0.00672645739910314,0,0.352380963287982,0.0519068118971843,0.00147343430287267,-0.0905919844628514,0.0540337991296461,2,1,-0.514365762125355,0.444444444444444,"Peripheral"
"foxj1a",2,0,2,0,0,0.00448430493273543,0,0.00448430493273543,0,32.398903595183,0.0125605907127353,0.00147343430287267,-0.0905919844628514,0.0540337991296461,8,4,-0.77387133275447,0.5,"Peripheral"
"nkx2.2a",4,0,4,0,0,0.00896860986547085,0,0.00896860986547085,0,17.2126890222203,0.0225503655376815,0.00147343430287267,-0.0905919844628514,0.0540337991296461,1,4,-0.541004275177898,0.625,"Connector"
"bhlhe41",4,0,4,0,0,0.00896860986547085,0,0.00896860986547085,0,15.5730723203356,0.0131940968343728,0.00147343430287267,-0.0905919844628514,0.0540337991296461,1,1,-0.289330741195512,0.375,"Peripheral"
"isl1l",1,0,1,0,0,0.00224215246636771,0,0.00224215246636771,0,59.1844886451304,0.0115637295518867,0.00147343430287267,-0.0905919844628514,0.0540337991296461,2,2,-0.897961479973628,0,"Ultra peripheral"
"nkx2.1",7,0,7,0.142857142857143,0.150807302877293,0.015695067264574,0,0.015695067264574,0,0.112127587107315,0.0717656068565298,0.00147343430287267,-0.0905919844628514,0.0540337991296461,2,4,-0.308137217601325,0.612244897959184,"Peripheral"
"pbx1b",5,0,5,0,0,0.0112107623318386,0,0.0112107623318386,0,13.9955828540954,0.0159794756050729,0.00147343430287267,-0.0905919844628514,0.0540337991296461,7,3,1.73205080756888,0.56,"Peripheral"
"foxf2b",2,0,2,0,0,0.00448430493273543,0,0.00448430493273543,0,32.1360408590478,0.0148981802379987,0.00147343430287267,-0.0905919844628514,0.0540337991296461,2,1,-0.739400783055197,0.5,"Peripheral"
"dmrt2a",2,0,2,1,1,0.00448430493273543,0,0.00448430493273543,0,0.26633244941393,0.0217144242028199,0.00147343430287267,-0.0905919844628514,0.0540337991296461,2,2,-0.776874551432458,0,"Ultra peripheral"
"pax5",3,0,3,0,0,0.00672645739910314,0,0.00672645739910314,0,21.2400032862533,0.0152734783552803,0.00147343430287267,-0.0905919844628514,0.0540337991296461,11,1,-0.514365762125355,0.444444444444444,"Peripheral"
"sox14",6,0,6,0.0666666666666667,0.0637397829811951,0.0134529147982063,0,0.0134529147982063,0,1.9496695876428,0.0303822383376295,0.00147343430287267,-0.0905919844628514,0.0540337991296461,2,1,-0.06429572026567,0.5,"Peripheral"
"sox1a",9,0,9,0,0,0.0201793721973094,0,0.0201793721973094,0,7.69664800973531,0.0738261174863611,0.00147343430287267,-0.0905919844628514,0.0540337991296461,2,1,-0.06429572026567,0.666666666666667,"Connector"
"nkx6.2",1,0,1,0,0,0.00224215246636771,0,0.00224215246636771,0,61.304080007219,0.007540167800435,0.00147343430287267,-0.0905919844628514,0.0540337991296461,2,2,-0.897961479973628,0,"Ultra peripheral"
"nkx2.4a",5,0,5,0.4,0.393428491279236,0.0112107623318386,0,0.0112107623318386,0,0.376256816428866,0.0615247875719417,0.00147343430287267,-0.0905919844628514,0.0540337991296461,2,2,-0.655787622891288,0.56,"Peripheral"
"uncx",5,0,5,0,0,0.0112107623318386,0,0.0112107623318386,0,12.8254238068313,0.0350884130276642,0.00147343430287267,-0.0905919844628514,0.0540337991296461,2,4,-0.0752701600247516,0.32,"Peripheral"
"lef1",3,0,3,0,0,0.00672645739910314,0,0.00672645739910314,0,23.1742357930753,0.027981911731804,0.00147343430287267,-0.0905919844628514,0.0540337991296461,5,2,-0.776874551432458,0.444444444444444,"Peripheral"
"gata2a",6,0,6,0,0,0.0134529147982063,0,0.0134529147982063,0,12.2350351724839,0.0171197492806187,0.00147343430287267,-0.0905919844628514,0.0540337991296461,2,0,-0.351101175603929,0.611111111111111,"Peripheral"
"dmrt3a",1,0,1,0,0,0.00224215246636771,0,0.00224215246636771,0,62.408209225768,0.0076942332647147,0.00147343430287267,-0.0905919844628514,0.0540337991296461,2,1,-0.739400783055197,0,"Ultra peripheral"
"runx3",2,0,2,0,0,0.00448430493273543,0,0.00448430493273543,0,35.9369006960295,0.00653419681639795,0.00147343430287267,-0.0905919844628514,0.0540337991296461,1,0,-0.57216487876196,0,"Ultra peripheral"
"alx4a",10,0,10,0,0,0.0224215246636771,0,0.0224215246636771,0,0.0889430413417636,0.0372513949352208,0.00147343430287267,-0.0905919844628514,0.0540337991296461,6,4,0.623331012704967,0.48,"Peripheral"
"isl2b",1,0,1,0,0,0.00224215246636771,0,0.00224215246636771,0,63.2036302142681,0.00419603148619842,0.00147343430287267,-0.0905919844628514,0.0540337991296461,2,2,-0.897961479973628,0,"Ultra peripheral"
"etv2",2,0,2,0,0,0.00448430493273543,0,0.00448430493273543,0,35.8878792312574,0.0182794235081993,0.00147343430287267,-0.0905919844628514,0.0540337991296461,2,1,-0.739400783055197,0.5,"Peripheral"
"hoxb6a",8,0,8,0.142857142857143,0.140232303750548,0.0179372197309417,0,0.0179372197309417,0,0.132202152166732,0.0752463455238156,0.00147343430287267,-0.0905919844628514,0.0540337991296461,2,2,-0.413613765808947,0.53125,"Peripheral"
"ebf1b",3,0,3,0,0,0.00672645739910314,0,0.00672645739910314,0,23.7523344091161,0.00257554142037906,0.00147343430287267,-0.0905919844628514,0.0540337991296461,13,0,-0.57216487876196,0.444444444444444,"Peripheral"
"bhlhe40",5,0,5,0,0,0.0112107623318386,0,0.0112107623318386,0,14.7370056084622,0.0303272965920348,0.00147343430287267,-0.0905919844628514,0.0540337991296461,2,1,-0.289330741195512,0.56,"Peripheral"
"tfeb",1,0,1,0,0,0.00224215246636771,0,0.00224215246636771,0,64.4262606334738,0.00991876402147546,0.00147343430287267,-0.0905919844628514,0.0540337991296461,2,2,-0.897961479973628,0,"Ultra peripheral"
"nkx6.3",1,0,1,0,0,0.00224215246636771,0,0.00224215246636771,0,64.438628070678,0.00985778345310475,0.00147343430287267,-0.0905919844628514,0.0540337991296461,2,4,-0.77387133275447,0,"Ultra peripheral"
"fosaa",2,0,2,0,0,0.00448430493273543,0,0.00448430493273543,0,35.1331038720053,0.0117700967451067,0.00147343430287267,-0.0905919844628514,0.0540337991296461,1,1,-0.739400783055197,0.5,"Peripheral"
"esrrga",2,0,2,0,0,0.00448430493273543,0,0.00448430493273543,0,0.0968309446438599,0.00264093929428084,0.00147343430287267,-0.0905919844628514,0.0540337991296461,2,1,-0.739400783055197,0.5,"Peripheral"
"nr2e3",3,0,3,0,0,0.00672645739910314,0,0.00672645739910314,0,24.2481926670216,0.00780435542605314,0.00147343430287267,-0.0905919844628514,0.0540337991296461,2,4,-0.77387133275447,0.666666666666667,"Connector"
"hnf4g",3,0,3,0,0,0.00672645739910314,0,0.00672645739910314,0,23.1274774298371,0.0165809268392215,0.00147343430287267,-0.0905919844628514,0.0540337991296461,2,1,-0.739400783055197,0.666666666666667,"Connector"
"nkx3-1",3,0,3,0,0,0.00672645739910314,0,0.00672645739910314,0,24.0133548832381,0.00964290408453558,0.00147343430287267,-0.0905919844628514,0.0540337991296461,1,4,-0.541004275177898,0.444444444444444,"Peripheral"
"lhx6",2,0,2,0,0,0.00448430493273543,0,0.00448430493273543,0,37.2822423449399,0.0127613107853203,0.00147343430287267,-0.0905919844628514,0.0540337991296461,2,4,-0.77387133275447,0.5,"Peripheral"
"en1a",5,0,5,0,0,0.0112107623318386,0,0.0112107623318386,0,14.9850612051713,0.0258174643917352,0.00147343430287267,-0.0905919844628514,0.0540337991296461,2,4,-0.308137217601325,0.56,"Peripheral"
"esrrb",2,0,2,0,0,0.00448430493273543,0,0.00448430493273543,0,35.282665931423,0.0102067011184184,0.00147343430287267,-0.0905919844628514,0.0540337991296461,2,2,-0.776874551432458,0,"Ultra peripheral"
"bcl11ab",1,0,1,0,0,0.00224215246636771,0,0.00224215246636771,0,67.8091054338009,0.000897661434890042,0.00147343430287267,-0.0905919844628514,0.0540337991296461,14,1,-0.739400783055197,0,"Ultra peripheral"
"ebf2",2,0,2,0,0,0.00448430493273543,0,0.00448430493273543,0,37.1634906314,0.0012970464979083,0.00147343430287267,-0.0905919844628514,0.0540337991296461,10,0,-0.57216487876196,0,"Ultra peripheral"
"six6b",2,0,2,0,0,0.00448430493273543,0,0.00448430493273543,0,34.4055442745512,0.00741375121352438,0.00147343430287267,-0.0905919844628514,0.0540337991296461,1,0,-0.793228581919991,0.5,"Peripheral"
"isl1",1,0,1,0,0,0.00224215246636771,0,0.00224215246636771,0,68.1546600987379,0.00548563234477254,0.00147343430287267,-0.0905919844628514,0.0540337991296461,2,4,-0.77387133275447,0,"Ultra peripheral"
"klf1",2,0,2,0,0,0.00448430493273543,0,0.00448430493273543,0,4.63328046157999,0.00151967780722352,0.00147343430287267,-0.0905919844628514,0.0540337991296461,8,1,-0.739400783055197,0.5,"Peripheral"
"onecut1",1,0,1,0,0,0.00224215246636771,0,0.00224215246636771,0,69.1326179305677,1.65134857584242e-19,0.00147343430287267,-0.0905919844628514,0.0540337991296461,12,5,0,0,"Ultra peripheral"
"dbx1b",2,0,2,0,0,0.00448430493273543,0,0.00448430493273543,0,36.3494409156104,0.0177313981901995,0.00147343430287267,-0.0905919844628514,0.0540337991296461,2,4,-0.77387133275447,0.5,"Peripheral"
"hlx1",3,0,3,0,0,0.00672645739910314,0,0.00672645739910314,0,25.4182383663679,0.0216786963714052,0.00147343430287267,-0.0905919844628514,0.0540337991296461,2,4,-0.541004275177898,0.444444444444444,"Peripheral"
"tbx16",2,0,2,0,0,0.00448430493273543,0,0.00448430493273543,0,36.0057133866002,0.012036567643629,0.00147343430287267,-0.0905919844628514,0.0540337991296461,2,0,-0.57216487876196,0,"Ultra peripheral"
"scrt2",2,0,2,0,0,0.00448430493273543,0,0.00448430493273543,0,35.1029946434935,0.0124798392117657,0.00147343430287267,-0.0905919844628514,0.0540337991296461,2,1,-0.514365762125355,0,"Ultra peripheral"
"lmx1a",2,0,2,0,0,0.00448430493273543,0,0.00448430493273543,0,35.8111561706974,0.00738874393620753,0.00147343430287267,-0.0905919844628514,0.0540337991296461,2,4,-0.77387133275447,0.5,"Peripheral"
"vax1",1,0,1,0,0,0.00224215246636771,0,0.00224215246636771,0,70.1599492490994,0.00819259514326454,0.00147343430287267,-0.0905919844628514,0.0540337991296461,2,4,-0.77387133275447,0,"Ultra peripheral"
"spi1b",3,0,3,0,0,0.00672645739910314,0,0.00672645739910314,0,25.1968465844138,0.0119914888480161,0.00147343430287267,-0.0905919844628514,0.0540337991296461,2,1,-0.514365762125355,0.444444444444444,"Peripheral"
"elf3",2,0,2,0,0,0.00448430493273543,0,0.00448430493273543,0,37.6884171170086,0.0200495716058927,0.00147343430287267,-0.0905919844628514,0.0540337991296461,2,1,-0.739400783055197,0.5,"Peripheral"
"otx5",1,0,1,0,0,0.00224215246636771,0,0.00224215246636771,0,71.5720631906882,0.00956229833050329,0.00147343430287267,-0.0905919844628514,0.0540337991296461,2,2,-0.897961479973628,0,"Ultra peripheral"
"neurod6b",2,0,2,0,0,0.00448430493273543,0,0.00448430493273543,0,38.2241809991418,0.00317148002992316,0.00147343430287267,-0.0905919844628514,0.0540337991296461,1,4,-0.77387133275447,0.5,"Peripheral"
"stat5a",1,0,1,0,0,0.00224215246636771,0,0.00224215246636771,0,73.2439971417261,0.00259735940547234,0.00147343430287267,-0.0905919844628514,0.0540337991296461,2,0,-0.793228581919991,0,"Ultra peripheral"
"foxj1b",1,0,1,0,0,0.00224215246636771,0,0.00224215246636771,0,73.2844477210735,0.00623121145167674,0.00147343430287267,-0.0905919844628514,0.0540337991296461,2,1,-0.739400783055197,0,"Ultra peripheral"
"neurod6a",1,0,1,0,0,0.00224215246636771,0,0.00224215246636771,0,74.3212997487276,0.00343945291079092,0.00147343430287267,-0.0905919844628514,0.0540337991296461,2,1,-0.739400783055197,0,"Ultra peripheral"
"nr4a2a",1,0,1,0,0,0.00224215246636771,0,0.00224215246636771,0,76.3256292532934,0.00133388971098106,0.00147343430287267,-0.0905919844628514,0.0540337991296461,15,0,-0.793228581919991,0,"Ultra peripheral"
"wt1b",1,0,1,0,0,0.00224215246636771,0,0.00224215246636771,0,76.4892826659141,0.0033419663754859,0.00147343430287267,-0.0905919844628514,0.0540337991296461,2,1,-0.739400783055197,0,"Ultra peripheral"
"tbx18",1,0,1,0,0,0.00224215246636771,0,0.00224215246636771,0,79.5014243077677,0.000187717190179617,0.00147343430287267,-0.0905919844628514,0.0540337991296461,16,0,-0.793228581919991,0,"Ultra peripheral"
"noto",1,0,1,0,0,0.00224215246636771,0,0.00224215246636771,0,79.5632866670784,0.00694777637073031,0.00147343430287267,-0.0905919844628514,0.0540337991296461,2,4,-0.77387133275447,0,"Ultra peripheral"
"bsx",2,0,2,0,0,0.00448430493273543,0,0.00448430493273543,0,41.112744383403,0.00894715469818867,0.00147343430287267,-0.0905919844628514,0.0540337991296461,2,1,-0.739400783055197,0.5,"Peripheral"
"osr2",1,0,1,0,0,0.00224215246636771,0,0.00224215246636771,0,83.5858671344126,0.00818790836085283,0.00147343430287267,-0.0905919844628514,0.0540337991296461,2,2,-0.897961479973628,0,"Ultra peripheral"
"nkx2.7",1,0,1,0,0,0.00224215246636771,0,0.00224215246636771,0,83.8577939530142,0.00762038739496949,0.00147343430287267,-0.0905919844628514,0.0540337991296461,2,2,-0.897961479973628,0,"Ultra peripheral"
"isl2a",1,0,1,0,0,0.00224215246636771,0,0.00224215246636771,0,84.2072998466166,0.00812748326576933,0.00147343430287267,-0.0905919844628514,0.0540337991296461,2,2,-0.897961479973628,0,"Ultra peripheral"
"actb2",9,9,0,0,0,0.0201793721973094,0.0201793721973094,0,0,NA,0.10613177176565,0.00588496085668085,-0.0905919844628514,0.0540337991296461,5,1,0.160739300664173,0.617283950617284,"Peripheral"
"rrm2",3,3,0,0,0,0.00672645739910314,0.00672645739910314,0,0,NA,0.22684181666316,0.0023267891599844,-0.0905919844628514,0.0540337991296461,2,1,-0.514365762125355,0.444444444444444,"Peripheral"
"tenm4",23,23,0,0.00790513833992095,0.0142786620967296,0.0515695067264574,0.0515695067264574,0,0,NA,0.124642488121531,0.00687406286905807,-0.0905919844628514,0.0540337991296461,1,0,1.63847215281835,0.646502835538752,"Connector"
"cdon",16,16,0,0.0166666666666667,0.0092856927860642,0.0358744394618834,0.0358744394618834,0,0,NA,0.153220715795338,0.00597816869856261,-0.0905919844628514,0.0540337991296461,2,0,0.533153637028196,0.6953125,"Connector"
"mdkb",26,26,0,0.00615384615384615,0.00605740064482638,0.0582959641255605,0.0582959641255605,0,0,NA,0.143658485399143,0.00766039835991793,-0.0905919844628514,0.0540337991296461,2,4,2.25340041574098,0.576923076923077,"Peripheral"
"serbp1a",46,46,0,0.00193236714975845,0.00201482317117393,0.103139013452915,0.103139013452915,0,0,NA,0.334589441299025,0.0090691818238971,-0.0905919844628514,0.0540337991296461,2,1,3.76129963554165,0.693761814744801,"Connector Hub"
"stmn1a",41,41,0,0.0207317073170732,0.0370621548088811,0.0919282511210762,0.0919282511210762,0,0,NA,0.367336443399035,0.00893950415825332,-0.0905919844628514,0.0540337991296461,2,1,3.53626461461181,0.659131469363474,"Connector Hub"
"histh1l",13,13,0,0,0,0.0291479820627803,0.0291479820627803,0,0,NA,0.0726895988097744,0.00379078166299037,-0.0905919844628514,0.0540337991296461,2,0,0.533153637028196,0.627218934911243,"Connector"
"hbae1.1",16,16,0,0,0,0.0358744394618834,0.0358744394618834,0,0,NA,0.055332357502597,0.00608749012421195,-0.0905919844628514,0.0540337991296461,8,1,1.73598444717307,0.4140625,"Peripheral"
"hsp90ab1",38,38,0,0.0483641536273115,0.0955967221841143,0.0852017937219731,0.0852017937219731,0,0,NA,0.468015285522339,0.00639758299731954,-0.0905919844628514,0.0540337991296461,2,2,2.61355944772031,0.361495844875346,"Connector Hub"
"pmp22a",11,11,0,0,0,0.0246636771300448,0.0246636771300448,0,0,NA,0.0282932594486628,0.00537003788772732,-0.0905919844628514,0.0540337991296461,4,1,0.160739300664173,0.628099173553719,"Connector"
"tmsb4x",29,29,0,0.0147783251231527,0.0206778709725679,0.0650224215246637,0.0650224215246637,0,0,NA,0.340583503532794,0.00434287893716316,-0.0905919844628514,0.0540337991296461,2,2,1.40269016230861,0.489892984542212,"Peripheral"
"hmgn2",30,30,0,0.0505747126436782,0.106925036345857,0.0672645739910314,0.0672645739910314,0,0,NA,0.415024639136083,0.00475686031111103,-0.0905919844628514,0.0540337991296461,2,2,1.64486401939095,0.435555555555556,"Peripheral"
"ptmab",38,38,0,0.0469416785206259,0.0873108439222758,0.0852017937219731,0.0852017937219731,0,0,NA,0.441802084311336,0.00559768040822065,-0.0905919844628514,0.0540337991296461,2,2,2.00812480501446,0.527700831024931,"Peripheral"
"actc1b",13,13,0,0,0,0.0291479820627803,0.0291479820627803,0,0,NA,0.144579215782956,0.0053213971196435,-0.0905919844628514,0.0540337991296461,2,1,0.385774321594015,0.674556213017751,"Connector"
"prmt1",18,18,0,0.0392156862745098,0.0755551428419434,0.0403587443946188,0.0403587443946188,0,0,NA,0.212259290295805,0.00510486645848594,-0.0905919844628514,0.0540337991296461,2,1,1.06087938438354,0.660493827160494,"Connector"
"si:ch73-21g5.7",17,17,0,0.0367647058823529,0.0694351357454442,0.0381165919282511,0.0381165919282511,0,0,NA,0.220819610358096,0.00377865399418375,-0.0905919844628514,0.0540337991296461,2,1,0.385774321594015,0.671280276816609,"Connector"
"apoc1",13,13,0,0.0128205128205128,0.0087585217769561,0.0291479820627803,0.0291479820627803,0,0,NA,0.112708516461375,0.00545046095106936,-0.0905919844628514,0.0540337991296461,1,0,0.312089933870165,0.686390532544379,"Connector"
"hbae1.3",18,18,0,0,0,0.0403587443946188,0.0403587443946188,0,0,NA,0.0371831054902403,0.00757627029839382,-0.0905919844628514,0.0540337991296461,8,1,2.4110895099626,0.290123456790123,"Peripheral"
"actb1",34,34,0,0.0427807486631016,0.0705918876944005,0.0762331838565022,0.0762331838565022,0,0,NA,0.396827492598769,0.00567642260093263,-0.0905919844628514,0.0540337991296461,2,2,1.28160323376744,0.621107266435986,"Connector"
"tmem88b",8,8,0,0.0357142857142857,0.0365807181422129,0.0179372197309417,0.0179372197309417,0,0,NA,0.0409838061653179,0.00264693480643451,-0.0905919844628514,0.0540337991296461,1,0,0.0910262307121335,0.53125,"Peripheral"
"hmgb2a",27,27,0,0.0512820512820513,0.0986858557017699,0.0605381165919283,0.0605381165919283,0,0,NA,0.358811343367572,0.0039921485969886,-0.0905919844628514,0.0540337991296461,2,2,1.40269016230861,0.425240054869685,"Peripheral"
"tnni2b.1",4,4,0,0,0,0.00896860986547085,0.00896860986547085,0,0,NA,0.012946243328664,0.00187106467262063,-0.0905919844628514,0.0540337991296461,1,0,-0.351101175603929,0.375,"Peripheral"
"pabpc1a",44,44,0,0.0126849894291755,0.0191927667851371,0.0986547085201794,0.0986547085201794,0,0,NA,0.295262273013933,0.0110554813578809,-0.0905919844628514,0.0540337991296461,2,4,3.88346981877699,0.649793388429752,"Connector Hub"
"pcna",51,51,0,0.00235294117647059,0.0029509681598341,0.114349775784753,0.114349775784753,0,0,NA,0.318117986652951,0.0134527474106601,-0.0905919844628514,0.0540337991296461,2,2,2.12921173355563,0.648981161091888,"Connector"
"pleca",14,14,0,0.010989010989011,0.0126614399221401,0.031390134529148,0.031390134529148,0,0,NA,0.0917642336013851,0.00412375698849002,-0.0905919844628514,0.0540337991296461,1,0,1.19634474650229,0.438775510204082,"Peripheral"
"boc",13,13,0,0,0,0.0291479820627803,0.0291479820627803,0,0,NA,0.0330632727846631,0.00373143904626941,-0.0905919844628514,0.0540337991296461,2,0,0.975281043344258,0.485207100591716,"Peripheral"
"hbbe1.3",22,22,0,0,0,0.0493273542600897,0.0493273542600897,0,0,NA,0.122696845072235,0.00524601680785938,-0.0905919844628514,0.0540337991296461,2,4,1.78766630058783,0.611570247933884,"Peripheral"
"eif5a2",37,37,0,0.0225225225225225,0.0420192114354275,0.0829596412556054,0.0829596412556054,0,0,NA,0.297031756007542,0.00861303668010903,-0.0905919844628514,0.0540337991296461,2,2,2.00812480501446,0.506939371804237,"Peripheral"
"sema3e",8,8,0,0,0,0.0179372197309417,0.0179372197309417,0,0,NA,0.0308865006347879,0.00273752541602363,-0.0905919844628514,0.0540337991296461,1,1,0.160739300664173,0.53125,"Peripheral"
"fgfr3",38,38,0,0.0085348506401138,0.011005283440847,0.0852017937219731,0.0852017937219731,0,0,NA,0.102020621292678,0.00886073460232468,-0.0905919844628514,0.0540337991296461,2,4,3.41773570362384,0.631578947368421,"Connector Hub"
"cirbpa",48,48,0,0.00797872340425532,0.00894455498949564,0.10762331838565,0.10762331838565,0,0,NA,0.384728351969876,0.00766292943153568,-0.0905919844628514,0.0540337991296461,2,2,2.37138559063797,0.598090277777778,"Peripheral"
"ccng1",18,18,0,0.0457516339869281,0.0468517747052525,0.0403587443946188,0.0403587443946188,0,0,NA,0.123271636462852,0.00578281002225042,-0.0905919844628514,0.0540337991296461,2,2,0.433994733979244,0.475308641975309,"Peripheral"
"hspa8",35,35,0,0.00840336134453781,0.00967605593824252,0.07847533632287,0.07847533632287,0,0,NA,0.398538127986227,0.0051530494488695,-0.0905919844628514,0.0540337991296461,2,2,1.76595094793212,0.52734693877551,"Peripheral"
"bcas2",9,9,0,0.111111111111111,0.266428930737833,0.0201793721973094,0.0201793721973094,0,0,NA,0.141579577945316,0.0020911593454662,-0.0905919844628514,0.0540337991296461,2,1,0.160739300664173,0.567901234567901,"Peripheral"
"agrn",17,17,0,0.0147058823529412,0.0132229171323447,0.0381165919282511,0.0381165919282511,0,0,NA,0.0473230487109884,0.00563603156674771,-0.0905919844628514,0.0540337991296461,1,0,1.63847215281835,0.456747404844291,"Peripheral"
"mibp2",39,39,0,0.0188933873144399,0.0182435482985396,0.0874439461883408,0.0874439461883408,0,0,NA,0.246957093597866,0.00827149404822105,-0.0905919844628514,0.0540337991296461,2,0,2.08059955913441,0.731097961867193,"Connector"
"marcksl1a",31,31,0,0.0258064516129032,0.0349457029120917,0.0695067264573991,0.0695067264573991,0,0,NA,0.25694545842513,0.00815611353446066,-0.0905919844628514,0.0540337991296461,2,4,2.0205333581644,0.672216441207076,"Connector"
"cntfr",39,39,0,0.0188933873144399,0.0242164190297935,0.0874439461883408,0.0874439461883408,0,0,NA,0.118818773081597,0.0147969611673493,-0.0905919844628514,0.0540337991296461,2,1,3.31122959368197,0.671926364234056,"Connector Hub"
"hbbe1.1",13,13,0,0.0512820512820513,0.0590380847934338,0.0291479820627803,0.0291479820627803,0,0,NA,0.0937177947010736,0.00386452729247637,-0.0905919844628514,0.0540337991296461,2,1,-0.06429572026567,0.745562130177515,"Connector"
"slc1a3a",8,8,0,0.0357142857142857,0.0430851783580315,0.0179372197309417,0.0179372197309417,0,0,NA,0.0343465890229656,0.00270181314539836,-0.0905919844628514,0.0540337991296461,1,0,-0.351101175603929,0.71875,"Connector"
"ncl",34,34,0,0.0231729055258467,0.0289403237700165,0.0762331838565022,0.0762331838565022,0,0,NA,0.221778299543152,0.0082478710917217,-0.0905919844628514,0.0540337991296461,2,4,2.25340041574098,0.676470588235294,"Connector"
"elavl3",8,8,0,0,0,0.0179372197309417,0.0179372197309417,0,0,NA,0.0317558713558937,0.00256547396622468,-0.0905919844628514,0.0540337991296461,1,0,-0.130037472445898,0.59375,"Peripheral"
"kirrel3l",7,7,0,0,0,0.015695067264574,0.015695067264574,0,0,NA,0.0301446150554534,0.00230869289856233,-0.0905919844628514,0.0540337991296461,1,0,0.0910262307121335,0.408163265306123,"Peripheral"
"mki67",14,14,0,0.0659340659340659,0.10797213261027,0.031390134529148,0.031390134529148,0,0,NA,0.151035005874152,0.00312147482321157,-0.0905919844628514,0.0540337991296461,2,2,-0.292526837267777,0.693877551020408,"Connector"
"si:ch211-121a2.2",5,5,0,0,0,0.0112107623318386,0.0112107623318386,0,0,NA,0.01661300876616,0.00251713913660183,-0.0905919844628514,0.0540337991296461,1,0,-0.130037472445898,0.32,"Peripheral"
"hbae3",20,20,0,0.0315789473684211,0.0337962258549727,0.0448430493273543,0.0448430493273543,0,0,NA,0.146312033429423,0.00415343290678353,-0.0905919844628514,0.0540337991296461,2,4,0.85619807028154,0.685,"Connector"
"cdh11",10,10,0,0,0,0.0224215246636771,0.0224215246636771,0,0,NA,0.0309948091394576,0.00451411799014658,-0.0905919844628514,0.0540337991296461,1,0,0.312089933870165,0.54,"Peripheral"
"osr1",4,4,0,0,0,0.00896860986547085,0.00896860986547085,0,0,NA,0.00755017351124026,0.00207337087572677,-0.0905919844628514,0.0540337991296461,1,0,-0.130037472445898,0,"Ultra peripheral"
"epha4b",7,7,0,0,0,0.015695067264574,0.015695067264574,0,0,NA,0.0279523544625346,0.00298578320159888,-0.0905919844628514,0.0540337991296461,1,0,0.0910262307121335,0.448979591836735,"Peripheral"
"fabp11a",13,13,0,0.0256410256410256,0.033282028719331,0.0291479820627803,0.0291479820627803,0,0,NA,0.051702491063138,0.00322714282754406,-0.0905919844628514,0.0540337991296461,2,1,0.610809342523858,0.627218934911243,"Connector"
"prdx2",45,45,0,0.0151515151515152,0.0174836753627159,0.100896860986547,0.100896860986547,0,0,NA,0.267173364417706,0.00952519527174997,-0.0905919844628514,0.0540337991296461,2,4,3.18486864604727,0.711111111111111,"Connector Hub"
"hspe1",25,25,0,0,0,0.0560538116591928,0.0560538116591928,0,0,NA,0.142887517665263,0.0054099467800165,-0.0905919844628514,0.0540337991296461,2,2,0.433994733979244,0.6784,"Connector"
"fthl27",35,35,0,0.00504201680672269,0.00473585396629998,0.07847533632287,0.07847533632287,0,0,NA,0.19426543841545,0.0082217187119441,-0.0905919844628514,0.0540337991296461,2,2,1.0394293766851,0.680816326530612,"Connector"
"nop56",40,40,0,0.00512820512820513,0.00597152566722196,0.0896860986547085,0.0896860986547085,0,0,NA,0.220726505648436,0.00764259084804719,-0.0905919844628514,0.0540337991296461,2,1,2.63612453089244,0.685,"Connector Hub"
"fth1a",24,24,0,0.0326086956521739,0.0534024283239635,0.0538116591928251,0.0538116591928251,0,0,NA,0.214858623811461,0.00555330652900186,-0.0905919844628514,0.0540337991296461,2,2,0.676168591061584,0.586805555555556,"Peripheral"
"qkia",13,13,0,0.0897435897435897,0.110533475587555,0.0291479820627803,0.0291479820627803,0,0,NA,0.137208612270859,0.00280288811771238,-0.0905919844628514,0.0540337991296461,2,2,0.0707339483557336,0.461538461538462,"Peripheral"
"pcdh19",14,14,0,0.0549450549450549,0.0728600915743611,0.031390134529148,0.031390134529148,0,0,NA,0.0597375149538366,0.00303408480579274,-0.0905919844628514,0.0540337991296461,2,0,0.975281043344258,0.520408163265306,"Peripheral"
"fabp7a",34,34,0,0.0017825311942959,0.00247603297576934,0.0762331838565022,0.0762331838565022,0,0,NA,0.173781944719708,0.00975917508680319,-0.0905919844628514,0.0540337991296461,2,4,3.18486864604727,0.6280276816609,"Connector Hub"
"myl1",1,1,0,0,0,0.00224215246636771,0.00224215246636771,0,0,NA,0.00466217414928423,0.00155422136560048,-0.0905919844628514,0.0540337991296461,1,0,-0.793228581919991,0,"Ultra peripheral"
"bcam",11,11,0,0.0363636363636364,0.0394783488138303,0.0246636771300448,0.0246636771300448,0,0,NA,0.0270946642921429,0.00355772679796079,-0.0905919844628514,0.0540337991296461,2,0,0.754217340186227,0.446280991735537,"Peripheral"
"ptprfb",15,15,0,0,0,0.0336322869955157,0.0336322869955157,0,0,NA,0.0458751466174588,0.0048303034417828,-0.0905919844628514,0.0540337991296461,1,4,1.08906512785811,0.577777777777778,"Peripheral"
"ptmaa",44,44,0,0.00211416490486258,0.00270156108967048,0.0986547085201794,0.0986547085201794,0,0,NA,0.22319757357819,0.00995905390317147,-0.0905919844628514,0.0540337991296461,2,1,3.76129963554165,0.674586776859504,"Connector Hub"
"vim",4,4,0,0,0,0.00896860986547085,0.00896860986547085,0,0,NA,0.0618050126230524,0.00192738115674548,-0.0905919844628514,0.0540337991296461,1,0,-0.351101175603929,0.375,"Peripheral"
"col1a1a",2,2,0,0,0,0.00448430493273543,0.00448430493273543,0,0,NA,0.00266776005138201,0.00192916868344947,-0.0905919844628514,0.0540337991296461,5,4,-0.541004275177898,0,"Ultra peripheral"
"slit3",8,8,0,0,0,0.0179372197309417,0.0179372197309417,0,0,NA,0.0443159683244113,0.00237116355294847,-0.0905919844628514,0.0540337991296461,1,4,-0.0752701600247516,0.625,"Connector"
"krt18a.1",11,11,0,0.0545454545454545,0.0543073794264622,0.0246636771300448,0.0246636771300448,0,0,NA,0.0718680442571442,0.00322415655863859,-0.0905919844628514,0.0540337991296461,2,1,0.160739300664173,0.677685950413223,"Connector"
"dkc1",9,9,0,0.138888888888889,0.166004729729208,0.0201793721973094,0.0201793721973094,0,0,NA,0.123601439938928,0.00218589484568279,-0.0905919844628514,0.0540337991296461,2,2,-0.292526837267777,0.444444444444444,"Peripheral"
"ntm",3,3,0,0,0,0.00672645739910314,0.00672645739910314,0,0,NA,0.0166324869893526,0.00162993125849408,-0.0905919844628514,0.0540337991296461,1,0,-0.351101175603929,0,"Ultra peripheral"
"tpm4a",6,6,0,0.133333333333333,0.162756751019488,0.0134529147982063,0.0134529147982063,0,0,NA,0.0746450119097906,0.00221303794772343,-0.0905919844628514,0.0540337991296461,1,4,-0.541004275177898,0.666666666666667,"Connector"
"calm1a",1,1,0,0,0,0.00224215246636771,0.00224215246636771,0,0,NA,0.0555637948720063,0.00159742835781528,-0.0905919844628514,0.0540337991296461,2,2,-0.897961479973628,0,"Ultra peripheral"
"prickle1b",2,2,0,0,0,0.00448430493273543,0.00448430493273543,0,0,NA,0.0115181825905318,0.00156017755673441,-0.0905919844628514,0.0540337991296461,1,0,-0.57216487876196,0,"Ultra peripheral"
"ccnd1",19,19,0,0.0526315789473684,0.0736101817666319,0.0426008968609865,0.0426008968609865,0,0,NA,0.142690056396506,0.00305917292904132,-0.0905919844628514,0.0540337991296461,2,1,0.610809342523858,0.681440443213297,"Connector"
"nop58",14,14,0,0,0,0.031390134529148,0.031390134529148,0,0,NA,0.100967248115148,0.00298057001477427,-0.0905919844628514,0.0540337991296461,2,2,-0.0503529801854366,0.571428571428571,"Peripheral"
"ube2c",4,4,0,0.166666666666667,0.18515635851104,0.00896860986547085,0.00896860986547085,0,0,NA,0.0331630785015037,0.00186825990325779,-0.0905919844628514,0.0540337991296461,2,2,-0.534700694350118,0,"Ultra peripheral"
"kcnd3",3,3,0,0,0,0.00672645739910314,0.00672645739910314,0,0,NA,0.0161943962735763,0.00194934911631004,-0.0905919844628514,0.0540337991296461,1,0,-0.57216487876196,0.444444444444444,"Peripheral"
"dlb",2,2,0,0,0,0.00448430493273543,0.00448430493273543,0,0,NA,0.00392997349260856,0.00188617765400067,-0.0905919844628514,0.0540337991296461,9,0,-0.57216487876196,0,"Ultra peripheral"
"her15.2",8,8,0,0.0714285714285714,0.0762741154744042,0.0179372197309417,0.0179372197309417,0,0,NA,0.0837320608195891,0.0021081940784024,-0.0905919844628514,0.0540337991296461,2,2,-0.171439908726607,0.21875,"Peripheral"
"anks1b",3,3,0,0,0,0.00672645739910314,0.00672645739910314,0,0,NA,0.0111736547995045,0.00174345672765214,-0.0905919844628514,0.0540337991296461,1,0,-0.351101175603929,0,"Ultra peripheral"
"ntn1a",13,13,0,0.0256410256410256,0.0305460972711019,0.0291479820627803,0.0291479820627803,0,0,NA,0.0506830968155191,0.0028817868378307,-0.0905919844628514,0.0540337991296461,2,4,0.390463955128394,0.686390532544379,"Connector"
"dacha",6,6,0,0.466666666666667,0.536105574234039,0.0134529147982063,0.0134529147982063,0,0,NA,0.0192819383474474,0.00256085306137059,-0.0905919844628514,0.0540337991296461,1,0,0.312089933870165,0,"Ultra peripheral"
"ek1",2,2,0,0,0,0.00448430493273543,0.00448430493273543,0,0,NA,0.00511184769242188,0.00197319604707998,-0.0905919844628514,0.0540337991296461,5,1,-0.739400783055197,0.5,"Peripheral"
"rnf220a",2,2,0,0,0,0.00448430493273543,0.00448430493273543,0,0,NA,0.0102355212627258,0.00167703443249102,-0.0905919844628514,0.0540337991296461,2,4,-0.77387133275447,0.5,"Peripheral"
"epha4a",4,4,0,0,0,0.00896860986547085,0.00896860986547085,0,0,NA,0.016047477957884,0.00219213941202057,-0.0905919844628514,0.0540337991296461,1,0,-0.351101175603929,0.375,"Peripheral"
"tenm3",6,6,0,0.0666666666666667,0.0598097669828809,0.0134529147982063,0.0134529147982063,0,0,NA,0.0141617276065792,0.00280371274545554,-0.0905919844628514,0.0540337991296461,5,1,-0.514365762125355,0.722222222222222,"Connector"
"emp2",6,6,0,0.0666666666666667,0.0613971447456777,0.0134529147982063,0.0134529147982063,0,0,NA,0.0201836834642788,0.00188693767331067,-0.0905919844628514,0.0540337991296461,1,0,0.0910262307121335,0.277777777777778,"Peripheral"
"sema6e",2,2,0,1,1,0.00448430493273543,0.00448430493273543,0,0,NA,0.00806977647631142,0.0016246155458961,-0.0905919844628514,0.0540337991296461,1,0,-0.57216487876196,0,"Ultra peripheral"
"jam2b",5,5,0,0,0,0.0112107623318386,0.0112107623318386,0,0,NA,0.0138107334145213,0.00199584522618187,-0.0905919844628514,0.0540337991296461,2,4,-0.308137217601325,0.48,"Peripheral"
"ncam1b",5,5,0,0.2,0.210583446703894,0.0112107623318386,0.0112107623318386,0,0,NA,0.0279644687898702,0.00188079438611569,-0.0905919844628514,0.0540337991296461,2,0,-0.130037472445898,0.32,"Peripheral"
"mycn",11,11,0,0,0,0.0246636771300448,0.0246636771300448,0,0,NA,0.020455932076003,0.00328614696365837,-0.0905919844628514,0.0540337991296461,2,1,0.8358443634537,0.429752066115702,"Peripheral"
"itga5",2,2,0,0,0,0.00448430493273543,0.00448430493273543,0,0,NA,0.00546078836064899,0.00162044475357757,-0.0905919844628514,0.0540337991296461,4,0,-0.57216487876196,0,"Ultra peripheral"
"icn",3,3,0,0,0,0.00672645739910314,0.00672645739910314,0,0,NA,0.00483629727746605,0.0020008028293963,-0.0905919844628514,0.0540337991296461,2,4,-0.308137217601325,0,"Ultra peripheral"
"col5a2a",3,3,0,0,0,0.00672645739910314,0.00672645739910314,0,0,NA,0.00698448755119258,0.00176076664166672,-0.0905919844628514,0.0540337991296461,6,4,-0.541004275177898,0.444444444444444,"Peripheral"
"robo1",23,23,0,0.0276679841897233,0.0382355775616919,0.0515695067264574,0.0515695067264574,0,0,NA,0.0884273245264653,0.00630725860758336,-0.0905919844628514,0.0540337991296461,2,0,1.85953585597638,0.616257088846881,"Peripheral"
"id3",5,5,0,0,0,0.0112107623318386,0.0112107623318386,0,0,NA,0.0170014145237715,0.00229211419318384,-0.0905919844628514,0.0540337991296461,2,4,-0.308137217601325,0.56,"Peripheral"
"nexn",2,2,0,0,0,0.00448430493273543,0.00448430493273543,0,0,NA,0.00387067910778512,0.00164437412846233,-0.0905919844628514,0.0540337991296461,1,0,-0.57216487876196,0,"Ultra peripheral"
"tmsb",14,14,0,0.021978021978022,0.0187278954678482,0.031390134529148,0.031390134529148,0,0,NA,0.0715412124798191,0.00338791341680703,-0.0905919844628514,0.0540337991296461,1,0,0.312089933870165,0.693877551020408,"Connector"
"top2a",6,6,0,0.266666666666667,0.331064429813012,0.0134529147982063,0.0134529147982063,0,0,NA,0.0619496858944242,0.00198660942328871,-0.0905919844628514,0.0540337991296461,2,2,-0.534700694350118,0.5,"Peripheral"
"nrp2a",1,1,0,0,0,0.00224215246636771,0.00224215246636771,0,0,NA,0.00136732276489006,0.00231366005641548,-0.0905919844628514,0.0540337991296461,17,4,-0.77387133275447,0,"Ultra peripheral"
"dla",3,3,0,0.333333333333333,0.369842410782509,0.00672645739910314,0.00672645739910314,0,0,NA,0.0287371673905616,0.00163520991738621,-0.0905919844628514,0.0540337991296461,1,2,-0.776874551432458,0.444444444444444,"Peripheral"
"aspm",6,6,0,0.0666666666666667,0.0824688925042964,0.0134529147982063,0.0134529147982063,0,0,NA,0.0341881367706475,0.00213446237405304,-0.0905919844628514,0.0540337991296461,2,2,-0.413613765808947,0.277777777777778,"Peripheral"
"nusap1",6,6,0,0,0,0.0134529147982063,0.0134529147982063,0,0,NA,0.0197610072873795,0.0025148720372471,-0.0905919844628514,0.0540337991296461,2,2,-0.292526837267777,0,"Ultra peripheral"
"hbbe3",8,8,0,0,0,0.0179372197309417,0.0179372197309417,0,0,NA,0.015537831846456,0.00224253519886583,-0.0905919844628514,0.0540337991296461,2,4,-0.0752701600247516,0.65625,"Connector"
"tuba8l3",5,5,0,0.1,0.102368871066363,0.0112107623318386,0.0112107623318386,0,0,NA,0.0103356293608945,0.00302583989376543,-0.0905919844628514,0.0540337991296461,2,4,-0.0752701600247516,0.32,"Peripheral"
"efna2a",2,2,0,0,0,0.00448430493273543,0.00448430493273543,0,0,NA,0.00470612314310918,0.00199423645075907,-0.0905919844628514,0.0540337991296461,11,1,-0.739400783055197,0.5,"Peripheral"
"cxcl12a",3,3,0,0,0,0.00672645739910314,0.00672645739910314,0,0,NA,0.00877155176129741,0.00162404182178961,-0.0905919844628514,0.0540337991296461,1,0,-0.351101175603929,0,"Ultra peripheral"
"cdh6",4,4,0,0,0,0.00896860986547085,0.00896860986547085,0,0,NA,0.00620258966183499,0.00222659589789556,-0.0905919844628514,0.0540337991296461,1,0,-0.351101175603929,0.375,"Peripheral"
"ptprn2",1,1,0,0,0,0.00224215246636771,0.00224215246636771,0,0,NA,0.0090738417275859,0.00150271509790213,-0.0905919844628514,0.0540337991296461,1,0,-0.793228581919991,0,"Ultra peripheral"
"pcolcea",4,4,0,0.166666666666667,0.169689421716595,0.00896860986547085,0.00896860986547085,0,0,NA,0.00820487428388933,0.0020916543782002,-0.0905919844628514,0.0540337991296461,4,0,-0.130037472445898,0,"Ultra peripheral"
"colec12",3,3,0,0,0,0.00672645739910314,0.00672645739910314,0,0,NA,0.00375319914180473,0.00197607897502015,-0.0905919844628514,0.0540337991296461,4,0,-0.351101175603929,0,"Ultra peripheral"
"add2",1,1,0,0,0,0.00224215246636771,0.00224215246636771,0,0,NA,0.00231383374854821,0.0015676775473016,-0.0905919844628514,0.0540337991296461,18,1,-0.739400783055197,0,"Ultra peripheral"
"kif11",3,3,0,0.666666666666667,0.979866400388721,0.00672645739910314,0.00672645739910314,0,0,NA,0.0439644992315117,0.00167747522038178,-0.0905919844628514,0.0540337991296461,2,2,-0.655787622891288,0,"Ultra peripheral"
"npm1a",20,20,0,0.0210526315789474,0.0212660999948441,0.0448430493273543,0.0448430493273543,0,0,NA,0.0917355083951545,0.00469980425827449,-0.0905919844628514,0.0540337991296461,2,4,1.08906512785811,0.665,"Connector"
"itga9",1,1,0,0,0,0.00224215246636771,0.00224215246636771,0,0,NA,0.00356458717164174,0.00151983589033243,-0.0905919844628514,0.0540337991296461,1,0,-0.793228581919991,0,"Ultra peripheral"
"her4.2",3,3,0,0,0,0.00672645739910314,0.00672645739910314,0,0,NA,0.0156941975364669,0.00211579474741267,-0.0905919844628514,0.0540337991296461,10,0,-0.57216487876196,0.444444444444444,"Peripheral"
"hapln1a",3,3,0,0,0,0.00672645739910314,0.00672645739910314,0,0,NA,0.0255205294863139,0.0018925749166707,-0.0905919844628514,0.0540337991296461,1,1,-0.514365762125355,0.444444444444444,"Peripheral"
"sfrp5",3,3,0,0,0,0.00672645739910314,0.00672645739910314,0,0,NA,0.0426747543610089,0.00173650104061524,-0.0905919844628514,0.0540337991296461,2,4,-0.77387133275447,0.666666666666667,"Connector"
"adgra2",1,1,0,0,0,0.00224215246636771,0.00224215246636771,0,0,NA,0.00207536951066915,0.00153388226195502,-0.0905919844628514,0.0540337991296461,4,0,-0.793228581919991,0,"Ultra peripheral"
"col1a2",3,3,0,0,0,0.00672645739910314,0.00672645739910314,0,0,NA,0.00563756673997302,0.00176946763209859,-0.0905919844628514,0.0540337991296461,6,4,-0.308137217601325,0,"Ultra peripheral"
"postnb",5,5,0,0,0,0.0112107623318386,0.0112107623318386,0,0,NA,0.00693683482884016,0.00304739763501175,-0.0905919844628514,0.0540337991296461,6,0,-0.130037472445898,0.32,"Peripheral"
"gadd45gb.1",3,3,0,0.333333333333333,0.333129031418651,0.00672645739910314,0.00672645739910314,0,0,NA,0.0244572428744364,0.00176459522665124,-0.0905919844628514,0.0540337991296461,9,0,-0.57216487876196,0.444444444444444,"Peripheral"
"tpx2",1,1,0,0,0,0.00224215246636771,0.00224215246636771,0,0,NA,0.00184002326528113,0.0015849722788827,-0.0905919844628514,0.0540337991296461,19,2,-0.897961479973628,0,"Ultra peripheral"
"cep131",5,5,0,0,0,0.0112107623318386,0.0112107623318386,0,0,NA,0.00997182634819498,0.0021168291885268,-0.0905919844628514,0.0540337991296461,1,0,-0.130037472445898,0.32,"Peripheral"
"greb1l",5,5,0,0.2,0.192970155066214,0.0112107623318386,0.0112107623318386,0,0,NA,0.0215769159751261,0.00176635692088793,-0.0905919844628514,0.0540337991296461,1,0,0.0910262307121335,0,"Ultra peripheral"
"znfl2a",5,5,0,0,0,0.0112107623318386,0.0112107623318386,0,0,NA,0.0118019277375409,0.00212294140880768,-0.0905919844628514,0.0540337991296461,1,1,0.160739300664173,0,"Ultra peripheral"
"zgc:174855",6,6,0,0,0,0.0134529147982063,0.0134529147982063,0,0,NA,0.0133699147433473,0.00214806289766538,-0.0905919844628514,0.0540337991296461,2,4,-0.0752701600247516,0.5,"Peripheral"
"zgc:66433",1,1,0,0,0,0.00224215246636771,0.00224215246636771,0,0,NA,0.000564139360803271,0.00176107277307923,-0.0905919844628514,0.0540337991296461,20,3,-0.577350269189626,0,"Ultra peripheral"
"her4.1",1,1,0,0,0,0.00224215246636771,0.00224215246636771,0,0,NA,0.0079698652345322,0.00149915262564607,-0.0905919844628514,0.0540337991296461,1,0,-0.793228581919991,0,"Ultra peripheral"
"kpna2",2,2,0,1,1,0.00448430493273543,0.00448430493273543,0,0,NA,0.0163957390097172,0.0016047714513032,-0.0905919844628514,0.0540337991296461,2,2,-0.776874551432458,0,"Ultra peripheral"
"nrp2b",5,5,0,0,0,0.0112107623318386,0.0112107623318386,0,0,NA,0.00972185997931166,0.00203230811676216,-0.0905919844628514,0.0540337991296461,6,0,-0.351101175603929,0.56,"Peripheral"
"col28a2a",2,2,0,1,1,0.00448430493273543,0.00448430493273543,0,0,NA,0.0134518989002412,0.001614511903533,-0.0905919844628514,0.0540337991296461,2,0,-0.793228581919991,0.5,"Peripheral"
"nap1l1",3,3,0,0.333333333333333,0.328119116744052,0.00672645739910314,0.00672645739910314,0,0,NA,0.0500688158061994,0.00164135035409188,-0.0905919844628514,0.0540337991296461,2,2,-0.655787622891288,0,"Ultra peripheral"
"si:dkey-269i1.4",3,3,0,0,0,0.00672645739910314,0.00672645739910314,0,0,NA,0.00545877939075003,0.00187050911969505,-0.0905919844628514,0.0540337991296461,2,4,-0.541004275177898,0.444444444444444,"Peripheral"
"ccbe1",3,3,0,0,0,0.00672645739910314,0.00672645739910314,0,0,NA,0.0125864536911516,0.00160514956581729,-0.0905919844628514,0.0540337991296461,1,0,-0.351101175603929,0,"Ultra peripheral"
"tmem14ca",2,2,0,0,0,0.00448430493273543,0.00448430493273543,0,0,NA,0.00691605462442693,0.0015988334500974,-0.0905919844628514,0.0540337991296461,2,1,-0.739400783055197,0.5,"Peripheral"
"pa2g4a",12,12,0,0.0151515151515152,0.0161925924689456,0.0269058295964126,0.0269058295964126,0,0,NA,0.0708668709468167,0.00224031569200051,-0.0905919844628514,0.0540337991296461,2,2,-0.171439908726607,0.569444444444444,"Peripheral"
"col11a1b",2,2,0,0,0,0.00448430493273543,0.00448430493273543,0,0,NA,0.00233521329455667,0.0017032640132168,-0.0905919844628514,0.0540337991296461,6,4,-0.541004275177898,0,"Ultra peripheral"
"hspb1",1,1,0,0,0,0.00224215246636771,0.00224215246636771,0,0,NA,0.0051813001722657,0.0015267980985942,-0.0905919844628514,0.0540337991296461,2,1,-0.739400783055197,0,"Ultra peripheral"
"tnnt2c",1,1,0,0,0,0.00224215246636771,0.00224215246636771,0,0,NA,0.000602325766269657,0.00156957450099266,-0.0905919844628514,0.0540337991296461,21,1,-0.739400783055197,0,"Ultra peripheral"
"fmoda",1,1,0,0,0,0.00224215246636771,0.00224215246636771,0,0,NA,0.00297177458287701,0.00151211902331241,-0.0905919844628514,0.0540337991296461,1,0,-0.793228581919991,0,"Ultra peripheral"
"actc1a",1,1,0,0,0,0.00224215246636771,0.00224215246636771,0,0,NA,0.0018607014466887,0.00160142553700544,-0.0905919844628514,0.0540337991296461,22,0,-0.793228581919991,0,"Ultra peripheral"
"dld",1,1,0,0,0,0.00224215246636771,0.00224215246636771,0,0,NA,0.0142688969693237,0.00150178864941271,-0.0905919844628514,0.0540337991296461,2,2,-0.897961479973628,0,"Ultra peripheral"
"f13a1b",1,1,0,0,0,0.00224215246636771,0.00224215246636771,0,0,NA,0.00148190853689677,0.00153758551560814,-0.0905919844628514,0.0540337991296461,23,0,-0.793228581919991,0,"Ultra peripheral"
"lpar1",1,1,0,0,0,0.00224215246636771,0.00224215246636771,0,0,NA,0.00169463192605104,0.00152279276207667,-0.0905919844628514,0.0540337991296461,4,0,-0.793228581919991,0,"Ultra peripheral"
"pcdh7b",3,3,0,0,0,0.00672645739910314,0.00672645739910314,0,0,NA,0.00393991225302443,0.00192892554769462,-0.0905919844628514,0.0540337991296461,7,3,-0.577350269189626,0.666666666666667,"Connector"
"epha7",2,2,0,0,0,0.00448430493273543,0.00448430493273543,0,0,NA,0.00490634630073547,0.00162161224142665,-0.0905919844628514,0.0540337991296461,2,4,-0.77387133275447,0.5,"Peripheral"
"metap2b",8,8,0,0.142857142857143,0.14702154864496,0.0179372197309417,0.0179372197309417,0,0,NA,0.0697248012828823,0.00188302308497591,-0.0905919844628514,0.0540337991296461,2,2,-0.292526837267777,0.375,"Peripheral"
"epha3",1,1,0,0,0,0.00224215246636771,0.00224215246636771,0,0,NA,0.00315655181871772,0.00157779452793716,-0.0905919844628514,0.0540337991296461,2,0,-0.793228581919991,0,"Ultra peripheral"
"nlgn3a",1,1,0,0,0,0.00224215246636771,0.00224215246636771,0,0,NA,5.00190020658524e-20,0.00272585346031445,-0.0905919844628514,0.0540337991296461,12,5,0,0,"Ultra peripheral"
"c1qbp",1,1,0,0,0,0.00224215246636771,0.00224215246636771,0,0,NA,0.0141368401317917,0.00149549368688303,-0.0905919844628514,0.0540337991296461,2,2,-0.897961479973628,0,"Ultra peripheral"
"fryl",1,1,0,0,0,0.00224215246636771,0.00224215246636771,0,0,NA,0.000659376963859689,0.00168486848421761,-0.0905919844628514,0.0540337991296461,24,1,-0.739400783055197,0,"Ultra peripheral"
"tnn",1,1,0,0,0,0.00224215246636771,0.00224215246636771,0,0,NA,0.00142894986803633,0.00153529295655496,-0.0905919844628514,0.0540337991296461,25,0,-0.793228581919991,0,"Ultra peripheral"
"fstl1a",1,1,0,0,0,0.00224215246636771,0.00224215246636771,0,0,NA,0.00281159952812251,0.00151003396368161,-0.0905919844628514,0.0540337991296461,1,0,-0.793228581919991,0,"Ultra peripheral"
"cfd",2,2,0,0,0,0.00448430493273543,0.00448430493273543,0,0,NA,0.00280089017918965,0.00170453279256592,-0.0905919844628514,0.0540337991296461,3,0,-0.57216487876196,0,"Ultra peripheral"
"prdx1",1,1,0,0,0,0.00224215246636771,0.00224215246636771,0,0,NA,0.0136400789906515,0.00150053909782395,-0.0905919844628514,0.0540337991296461,2,2,-0.897961479973628,0,"Ultra peripheral"
"cahz",1,1,0,0,0,0.00224215246636771,0.00224215246636771,0,0,NA,0.000484824487086284,0.00172063239517669,-0.0905919844628514,0.0540337991296461,26,3,-0.577350269189626,0,"Ultra peripheral"
"gnao1a",1,1,0,0,0,0.00224215246636771,0.00224215246636771,0,0,NA,0.00137093827272142,0.00155363934659745,-0.0905919844628514,0.0540337991296461,27,0,-0.793228581919991,0,"Ultra peripheral"
"dhrs3b",1,1,0,0,0,0.00224215246636771,0.00224215246636771,0,0,NA,0.0027195058947486,0.00151650547193083,-0.0905919844628514,0.0540337991296461,1,0,-0.793228581919991,0,"Ultra peripheral"
"ctnna2",1,1,0,0,0,0.00224215246636771,0.00224215246636771,0,0,NA,0.00658012344620592,0.00149466800428397,-0.0905919844628514,0.0540337991296461,1,0,-0.793228581919991,0,"Ultra peripheral"
"cacna1ba",1,1,0,0,0,0.00224215246636771,0.00224215246636771,0,0,NA,0.00036254008678991,0.00161787931660602,-0.0905919844628514,0.0540337991296461,3,0,-0.793228581919991,0,"Ultra peripheral"
"pcdh10a",2,2,0,0,0,0.00448430493273543,0.00448430493273543,0,0,NA,0.00267892658492647,0.00163612656493853,-0.0905919844628514,0.0540337991296461,4,1,-0.739400783055197,0.5,"Peripheral"
"tnnc2",2,2,0,0,0,0.00448430493273543,0.00448430493273543,0,0,NA,0.00315136046847123,0.0016459776891382,-0.0905919844628514,0.0540337991296461,1,4,-0.77387133275447,0.5,"Peripheral"
"nlgn4xa",1,1,0,0,0,0.00224215246636771,0.00224215246636771,0,0,NA,0.00260542631637367,0.00150735012853994,-0.0905919844628514,0.0540337991296461,1,0,-0.793228581919991,0,"Ultra peripheral"
"ank2b",2,2,0,1,1,0.00448430493273543,0.00448430493273543,0,0,NA,0.00689703781547765,0.0018040991713207,-0.0905919844628514,0.0540337991296461,1,0,-0.57216487876196,0,"Ultra peripheral"
"col11a1a",1,1,0,0,0,0.00224215246636771,0.00224215246636771,0,0,NA,0.00113815234458373,0.00156855624955474,-0.0905919844628514,0.0540337991296461,28,4,-0.77387133275447,0,"Ultra peripheral"
"serpinh1b",2,2,0,0,0,0.00448430493273543,0.00448430493273543,0,0,NA,0.00409834603421924,0.00164051160560468,-0.0905919844628514,0.0540337991296461,6,4,-0.541004275177898,0,"Ultra peripheral"
"bmp6",1,1,0,0,0,0.00224215246636771,0.00224215246636771,0,0,NA,0.00256579813193021,0.00150683427338539,-0.0905919844628514,0.0540337991296461,1,0,-0.793228581919991,0,"Ultra peripheral"
"atp2a1",1,1,0,0,0,0.00224215246636771,0.00224215246636771,0,0,NA,0.00211933486347349,0.00151015855063226,-0.0905919844628514,0.0540337991296461,1,0,-0.793228581919991,0,"Ultra peripheral"
"nrxn1a",3,3,0,0,0,0.00672645739910314,0.00672645739910314,0,0,NA,0.00998548700500323,0.00157940615030031,-0.0905919844628514,0.0540337991296461,1,0,-0.351101175603929,0,"Ultra peripheral"
"crip2",1,1,0,0,0,0.00224215246636771,0.00224215246636771,0,0,NA,0.00440223616465099,0.00151877428002085,-0.0905919844628514,0.0540337991296461,2,1,-0.739400783055197,0,"Ultra peripheral"
"myh7",1,1,0,0,0,0.00224215246636771,0.00224215246636771,0,0,NA,0.000161326935968006,0.00177447652760576,-0.0905919844628514,0.0540337991296461,29,0,-0.793228581919991,0,"Ultra peripheral"
"fgfrl1a",1,1,0,0,0,0.00224215246636771,0.00224215246636771,0,0,NA,0.00147884662594175,0.00151650772178648,-0.0905919844628514,0.0540337991296461,4,0,-0.793228581919991,0,"Ultra peripheral"
"her12",1,1,0,0,0,0.00224215246636771,0.00224215246636771,0,0,NA,0.0123224651144678,0.00149792080991202,-0.0905919844628514,0.0540337991296461,2,2,-0.897961479973628,0,"Ultra peripheral"
"ryr1b",1,1,0,0,0,0.00224215246636771,0.00224215246636771,0,0,NA,0.000501489063010949,0.00164973272046869,-0.0905919844628514,0.0540337991296461,30,0,-0.793228581919991,0,"Ultra peripheral"
"fgf11a",1,1,0,0,0,0.00224215246636771,0.00224215246636771,0,0,NA,0.00250680250030782,0.00150606630480203,-0.0905919844628514,0.0540337991296461,1,0,-0.793228581919991,0,"Ultra peripheral"
"olig4",1,1,0,0,0,0.00224215246636771,0.00224215246636771,0,0,NA,0.00119904653205091,0.0016434676690364,-0.0905919844628514,0.0540337991296461,31,2,-0.897961479973628,0,"Ultra peripheral"
"glrx5",2,2,0,0,0,0.00448430493273543,0.00448430493273543,0,0,NA,0.0265637163309681,0.00171034546383196,-0.0905919844628514,0.0540337991296461,2,1,-0.739400783055197,0.5,"Peripheral"
"myca",1,1,0,0,0,0.00224215246636771,0.00224215246636771,0,0,NA,0.00397527260647939,0.00153251291161114,-0.0905919844628514,0.0540337991296461,32,2,-0.897961479973628,0,"Ultra peripheral"
"tubb5",2,2,0,1,1,0.00448430493273543,0.00448430493273543,0,0,NA,0.028518107281162,0.00151607694051276,-0.0905919844628514,0.0540337991296461,2,2,-0.776874551432458,0,"Ultra peripheral"
"ipo7",1,1,0,0,0,0.00224215246636771,0.00224215246636771,0,0,NA,0.00270461142579671,0.00152751921397112,-0.0905919844628514,0.0540337991296461,33,4,-0.77387133275447,0,"Ultra peripheral"
"tgfbi",1,1,0,0,0,0.00224215246636771,0.00224215246636771,0,0,NA,0.00483187576623682,0.00151662763555649,-0.0905919844628514,0.0540337991296461,2,1,-0.739400783055197,0,"Ultra peripheral"
"ap2m1a",1,1,0,0,0,0.00224215246636771,0.00224215246636771,0,0,NA,0.0085416367215091,0.00150358452936801,-0.0905919844628514,0.0540337991296461,2,2,-0.897961479973628,0,"Ultra peripheral"
"crim1",1,1,0,0,0,0.00224215246636771,0.00224215246636771,0,0,NA,0.00241489720712751,0.00150486993863277,-0.0905919844628514,0.0540337991296461,1,0,-0.793228581919991,0,"Ultra peripheral"
"ptprga",1,1,0,0,0,0.00224215246636771,0.00224215246636771,0,0,NA,0.00140265664007077,0.00151428858484497,-0.0905919844628514,0.0540337991296461,4,0,-0.793228581919991,0,"Ultra peripheral"
"matn4",1,1,0,0,0,0.00224215246636771,0.00224215246636771,0,0,NA,0.000477590627441392,0.00164133122842291,-0.0905919844628514,0.0540337991296461,34,0,-0.793228581919991,0,"Ultra peripheral"
"bnc2",1,1,0,0,0,0.00224215246636771,0.00224215246636771,0,0,NA,0.000327465137800533,0.00160390458202335,-0.0905919844628514,0.0540337991296461,3,0,-0.793228581919991,0,"Ultra peripheral"
"ckmb",1,1,0,0,0,0.00224215246636771,0.00224215246636771,0,0,NA,6.63058866187929e-05,0.00182941131103326,-0.0905919844628514,0.0540337991296461,35,0,-0.793228581919991,0,"Ultra peripheral"
"ube2v2",2,2,0,0,0,0.00448430493273543,0.00448430493273543,0,0,NA,0.0147977849604597,0.00157775906018948,-0.0905919844628514,0.0540337991296461,2,2,-0.776874551432458,0,"Ultra peripheral"
"cdh7a",1,1,0,0,0,0.00224215246636771,0.00224215246636771,0,0,NA,0.00629082616347737,0.00151671437910358,-0.0905919844628514,0.0540337991296461,2,2,-0.897961479973628,0,"Ultra peripheral"
"zfpm1",1,1,0,0,0,0.00224215246636771,0.00224215246636771,0,0,NA,0.00151139410227852,0.00153499390450734,-0.0905919844628514,0.0540337991296461,36,1,-0.739400783055197,0,"Ultra peripheral"
"nfasca",1,1,0,0,0,0.00224215246636771,0.00224215246636771,0,0,NA,0.00578802646212857,0.00149211195028495,-0.0905919844628514,0.0540337991296461,1,0,-0.793228581919991,0,"Ultra peripheral"
